,code
0,1K84
1,7M9B
2,CZJT
3,DQ2D
4,4HKB
5,1BJG
6,3A7T
7,H4RD
8,A2S8
9,JUF2
10,P7C9
11,CB41
12,TNF3
13,3732
14,SRHO
15,QOAL
16,JB4M
17,3GDT
18,7KKY
19,JG2L
20,T5TT
21,5GT3
22,1EBQ
23,EN4C
24,H8YN
25,A949
26,JVTF
27,PBGE
28,CLN1
29,TUGI
30,BK3I
31,YYKO
32,UOBK
33,J4Z7
34,6EIC
35,JUCL
36,HFGL
37,5SGU
38,1G30
39,FFD3
40,32PK
41,AAA1
42,KRN2
43,PEQT
44,GEU7
45,U2DE
46,CLIW
47,ZFKL
48,6PUF
49,CZ9H
50,DRVV
51,7V3P
52,1LBP
53,FL96
54,39BT
55,ACW8
56,LSPW
57,QGWM
58,GM1V
59,U87M
60,EZ9O
61,ZGNU
62,7DDY
63,TDBA
64,8A9A
65,1LVC
66,3FP6
67,81CL
68,AH8Y
69,LT8T
70,QKM7
71,I6U5
72,UCUD
73,FOM6
74,7GIN
75,DQ3X
76,8AES
77,1T1W
78,3GJF
79,85YP
80,AVM7
81,LU9B
82,R729
83,I7DC
84,UD56
85,HMOC
86,9VQU
87,8HAM
88,1VYH
89,3JH6
90,691Y
91,B6BU
92,M4HC
93,RJXA
94,UZRH
95,I8D5
96,AWBW
97,8UHE
98,2DAX
99,FU3N
100,823D
101,BE36
102,M9CH
103,RLED
104,V5T9
105,IIFU
106,FMCV
107,9D2Q
108,2HSG
109,FYF6
110,BQ9M
111,MBHC
112,RP59
113,VRRW
114,IKBI
115,HKBW
116,9E8I
117,2L8R
118,G56G
119,BWGL
120,MJ2K
121,S6LT
122,VUIH
123,JAOR
124,IGR3
125,9NWD
126,2L88
127,4AZE
128,C5F3
129,MLSU
130,SHJP
131,VUWS
132,JDI5
133,JJAY
134,31HK
135,2PVS
136,CB46
137,MMW5
138,SHTX
139,W6SL
140,KM9I
141,RE3Z
142,47K3
143,2TDL
144,CTYA
145,NHAX
146,SPAF
147,WAMS
148,L23I
149,VIN5
150,Q3VX
151,DCB3
152,NTKR
153,SYXG
154,WKFC
155,MENI
156,YXB9
157,DD28
158,NW3Y
159,WWP8
160,MN1E
161,NZA5
162,WXRP
163,OCYX
164,X3XI
165,OF19
166,X6AG
167,OROK
168,X64P
169,ORQE
170,X314
171,OTZF
172,XAUT
173,OXQZ
174,XM63
175,P240
176,XRRU
177,Q19K
178,YKD7
179,RN1I
180,YSVN
181,S8S0
182,YSXN
183,ZB40
184,Z6FG
185,ZJ6W
186,Z25X
187,SXZV
188,SEBK
189,N4ZB
190,WX5Z
191,8TM5
192,3GN4
193,YA72
194,RM5Z
195,7D9H
196,5AFB
197,KETA
198,BVCF
199,HTQP
200,9S4L
201,CFAY
202,JCKP
203,6HD6
204,MYM5
205,JTFW
206,YVJ4
207,8JUX
208,XVYC
209,B9WC
210,VVJJ
211,FTQF
212,3JGE
213,Z5AZ
214,Q2AX
215,E3ZX
216,UNEA
217,8VE6
218,VWN4
219,YDXJ
220,F5NB
221,JFSE
222,458Z
223,ZU7S
224,74K2
225,W8A8
226,APQQ
227,N8DL
228,A5XZ
229,QZD6
230,YLD7
231,HA2G
232,2825
233,SCY3
234,HCTC
235,BFJ2
236,QG8H
237,V9ST
238,YDUG
239,4XQ2
240,WGMH
241,9Q2J
242,2AGW
243,H4WG
244,36MS
245,FYWY
246,WYUT
247,23AD
248,B2HZ
249,NUG5
250,GMVJ
251,CU4M
252,4QZN
253,GKNQ
254,4KWD
255,JJQ4
256,P4ZJ
257,EYJB
258,Z825
259,F5DH
260,HW6K
261,FRHY
262,TXXT
263,TK6K
264,5GAF
265,4X35
266,Q922
267,K4Q2
268,B7UK
269,T5CD
270,M8RF
271,PJ87
272,GTZL
273,H4JB
274,8QVX
275,N5JS
276,LE2J
277,F2U2
278,8NEL
279,E8ES
280,NY2G
281,Z3W4
282,2928
283,ZXMH
284,W7NQ
285,PHYY
286,FJQ8
287,LUQR
288,8KQC
289,8ZK2
290,A4MD
291,XPSK
292,BB3D
293,PPD8
294,ZJQ2
295,Q9X5
296,B8K9
297,R8C2
298,DPDS
299,5HZA
300,YAZ6
301,X653
302,JTQ6
303,6CVP
304,GAGA
305,AZZA
306,XHXU
307,5C9H
308,JM9P
309,X22R
310,XZCP
311,6FWH
312,QEMH
313,9CDA
314,93PL
315,UHZP
316,SAWR
317,TU44
318,2TEB
319,H95L
320,KM8T
321,TQ94
322,RQZH
323,EEDN
324,G99J
325,FP53
326,TR2B
327,RUMA
328,LFXJ
329,VF9F
330,T8RM
331,MHSZ
332,AP9C
333,NBYE
334,9G8X
335,8895
336,JPVW
337,4BD4
338,U9VQ
339,KRAA
340,X3GQ
341,7UK2
342,D26K
343,6WMR
344,FD56
345,H93C
346,TQL6
347,DD7G
348,KKLU
349,TGUA
350,BCGM
351,9HEV
352,FUPJ
353,CFHL
354,2ELB
355,3WX8
356,P83B
357,PH5Q
358,GE3S
359,S7KC
360,TG2D
361,44B9
362,TWCG
363,FDWC
364,FC8P
365,UEPH
366,B3MC
367,R48T
368,PXP8
369,6NGA
370,P3FT
371,MDK6
372,P9XC
373,Y6AL
374,E6JQ
375,7A9T
376,PC7T
377,4NR7
378,ACRC
379,ZMHB
380,VD97
381,HASZ
382,3YWA
383,62G3
384,49FY
385,THRH
386,W9HJ
387,GMXD
388,QQNX
389,8WT4
390,FC44
391,9G4A
392,XRQX
393,FGA4
394,ASAK
395,KRD2
396,UJZX
397,7EJ5
398,TXAA
399,YEEE
400,VMFM
401,SYNG
402,JMQJ
403,6QNJ
404,TEC3
405,A43B
406,W4J7
407,WHUQ
408,TEUX
409,PDPU
410,35GW
411,FDHD
412,HF3Z
413,VDED
414,VBNN
415,Y6YP
416,758H
417,DE4S
418,WP79
419,VVXU
420,5R8X
421,LCGR
422,8APN
423,CRPS
424,54D3
425,ARRU
426,ALJK
427,6JCU
428,33UX
429,HGRD
430,ZEV6
431,KNT7
432,8QD5
433,SDUD
434,R6TH
435,88GV
436,WTME
437,DBKE
438,6CMK
439,BTNK
440,236S
441,YJAX
442,S4EF
443,CCDM
444,2JHG
445,UC24
446,T2S9
447,VDNB
448,MVAH
449,T5QD
450,D5BE
451,BHWJ
452,DZ63
453,3877
454,E4CL
455,M4B5
456,5UTQ
457,QEX2
458,SENW
459,LSCB
460,2W86
461,BEQT
462,ELJG
463,5AP8
464,CPLC
465,DXD8
466,9JRM
467,A9DS
468,8KPS
469,8HFW
470,2FBQ
471,99UR
472,BB5J
473,EJ9W
474,GXMF
475,S6NC
476,8FDT
477,FTCH
478,CJYP
479,P5QC
480,NPNY
481,WTFE
482,TBAV
483,AHNW
484,Q72N
485,5TT5
486,97TC
487,LHYG
488,53GD
489,7KBY
490,2K76
491,L2ZC
492,XKGV
493,CQ8N
494,UHEE
495,W3SG
496,JCJ6
497,34J6
498,FRBR
499,AEX7
500,J4TB
501,Q268
502,MXT2
503,RECL
504,SGRE
505,4LGK
506,5THU
507,F4XZ
508,L2CA
509,Z85N
510,3T8X
511,CWBP
512,QURF
513,Z6N9
514,7ZXN
515,WTZ5
516,EMXC
517,A5LS
518,BEDX
519,B75U
520,93LZ
521,X8KW
522,CUAQ
523,GLLC
524,JJBW
525,YX3U
526,KP9S
527,5NFA
528,7V4L
529,MPGJ
530,BYB2
531,8GLN
532,JCWB
533,DD9P
534,69YF
535,FWHF
536,YRW4
537,ZMTF
538,B5RE
539,K38Y
540,W8A7
541,APQ3
542,LW3B
543,738H
544,GRXX
545,9BUL
546,FQZA
547,M5XL
548,LGKK
549,XJLX
550,LZYJ
551,KKDM
552,CD8J
553,WVPH
554,7GTQ
555,U7VC
556,TWHT
557,RC2A
558,WQWT
559,GFCL
560,FE3X
561,U9LD
562,ZRC5
563,HJ7W
564,AYRQ
565,B7JF
566,5GEE
567,5R4M
568,GHXU
569,7NJV
570,JK8F
571,9FC5
572,M3T4
573,SQLS
574,KRRT
575,4E9X
576,5464
577,G3GQ
578,XALN
579,ED2L
580,P8KK
581,NVYG
582,73XN
583,CPKZ
584,GRGE
585,RWVB
586,KQEW
587,92DK
588,4MR5
589,KG4Z
590,RQLS
591,VYJ9
592,HXXQ
593,QUY5
594,XLQU
595,ANK9
596,UYVC
597,M3BX
598,NZ74
599,VZTT
600,M4QN
601,YGYE
602,WAKY
603,Q4EG
604,BPK5
605,8876
606,TSN9
607,UG3N
608,YGM7
609,KBJD
610,RDXQ
611,6U24
612,P6XF
613,MH9X
614,R7H5
615,8D7E
616,98BB
617,AX5S
618,PXX3
619,LG9Y
620,59UW
621,6GVH
622,H8Z9
623,QGZG
624,TLCV
625,TGEK
626,WG2R
627,2Z8J
628,ZCY5
629,4SU3
630,7MYZ
631,VKEQ
632,PUNC
633,JCXV
634,2J8F
635,U4LR
636,UAPB
637,95AE
638,ZTUK
639,LFEU
640,7SC4
641,3WCF
642,AZW6
643,X6UN
644,UPPD
645,W9FT
646,38ST
647,DGFS
648,4B5A
649,YNT4
650,UNKA
651,UQGS
652,JSXS
653,58NK
654,LVAZ
655,7KP7
656,DEZT
657,489X
658,UJBL
659,DP7C
660,YP75
661,F7VV
662,U3YC
663,SKJX
664,JC9Z
665,9EBD
666,VU4G
667,PWXH
668,DTB8
669,T9QB
670,HU7T
671,RD4G
672,BM8F
673,USSB
674,7XTF
675,97EM
676,N2CZ
677,SFRC
678,XVKE
679,HRJL
680,VMA9
681,NEMQ
682,2TDG
683,DRUF
684,VLB3
685,9TAK
686,M49S
687,KB4D
688,SN9L
689,UEDS
690,88H6
691,RT6R
692,QGW9
693,8TJJ
694,F5K8
695,VDXB
696,MWNE
697,SSHR
698,2B63
699,9ZB5
700,Z3F6
701,9ML9
702,P6WY
703,6BGG
704,VPQV
705,XXNJ
706,HWZU
707,ZCCA
708,MWAX
709,Z24P
710,Q63C
711,XHLE
712,N37S
713,MTB2
714,RPMR
715,R6FK
716,AP43
717,XBPE
718,YEDH
719,XRMW
720,A7Z8
721,QBBL
722,MRUY
723,85P9
724,E2BU
725,PBVX
726,ZALL
727,EFKL
728,3M9X
729,94Y5
730,BR97
731,DBUY
732,BKGS
733,7M55
734,Y78T
735,DS6W
736,XFYS
737,YW5L
738,A3YF
739,32GC
740,DGMZ
741,S2B9
742,ZZTZ
743,FGPH
744,8SHN
745,NPGE
746,4XGF
747,8XAL
748,HBRJ
749,VCP5
750,PHUP
751,TB2G
752,X5QY
753,9JPU
754,HTWH
755,JNNE
756,QNDM
757,NJNJ
758,Q4F3
759,RDKG
760,3C72
761,XM72
762,LQSK
763,GJT6
764,CZ6V
765,EQKS
766,JG5N
767,ZGF7
768,Q4MC
769,VKXX
770,Q5JE
771,X7MH
772,N9VZ
773,JJFY
774,WMRA
775,9E3S
776,QBKS
777,TUK3
778,AHFD
779,GLGD
780,9TLZ
781,4YN8
782,BB24
783,U3H5
784,ERYM
785,EL6B
786,YJDP
787,4VUY
788,ZGCP
789,YJNE
790,TAL4
791,L73F
792,2BF2
793,MXVM
794,DPNP
795,CNCP
796,KB3R
797,V62H
798,N252
799,56XW
800,WYAW
801,PBFG
802,RPM8
803,5H8V
804,VCEJ
805,G4GG
806,2Q9U
807,34EA
808,8RXD
809,2Z79
810,8S6A
811,U92F
812,FJAC
813,EG2K
814,VGUK
815,NP3L
816,8YWU
817,2XMC
818,KFFV
819,P4PC
820,GKKB
821,AN52
822,PEU5
823,ZH7E
824,QAD4
825,4JXD
826,MHEW
827,FRB5
828,7NFW
829,NAHS
830,ZGW4
831,NFEP
832,YRR8
833,GBX4
834,RVLT
835,9HTM
836,3V9Y
837,GHUJ
838,NLQ7
839,T4HV
840,RAT4
841,JLC9
842,YU6M
843,QNRH
844,QHGK
845,9Z6G
846,Q6DE
847,M5MT
848,YXTR
849,W5M2
850,PXV5
851,PJDT
852,G9T2
853,9UVK
854,T6E3
855,WANJ
856,2SRB
857,6B52
858,MXNE
859,W4E9
860,NTD9
861,MDJZ
862,8LLB
863,2J9F
864,J3V4
865,K8L4
866,SX9E
867,E8FF
868,9QZH
869,JA3L
870,GNAH
871,BG4D
872,HU6N
873,SPSX
874,6F5S
875,GDMV
876,HZR9
877,CB24
878,ZYX2
879,L8ZR
880,WK5S
881,7JML
882,JZC9
883,HMED
884,DAVC
885,XTVL
886,PRYM
887,V4HF
888,478B
889,65FY
890,JTUE
891,5DM5
892,WSZB
893,ZN3G
894,TTTG
895,CX5Y
896,RW7N
897,X925
898,Y695
899,3VQ5
900,GLRW
901,L59G
902,H33C
903,FYWU
904,4HGS
905,UMG9
906,EF6E
907,MN3K
908,GN3A
909,FYCM
910,WDSN
911,UCX3
912,J2US
913,PK9E
914,56J3
915,X8K9
916,2TXB
917,AULC
918,TUUQ
919,2CTP
920,QKV6
921,7J23
922,N9WF
923,XQUC
924,B7JB
925,CXHL
926,2293
927,LVYZ
928,RH5P
929,EKFC
930,XM8A
931,UJ4Y
932,PF5J
933,8N39
934,UB7V
935,VNZU
936,QB2H
937,BU5T
938,D55Z
939,LB3L
940,UT2S
941,TNUQ
942,Y4SL
943,9HEB
944,8GFA
945,RQ3C
946,J5XG
947,P2B3
948,RLJT
949,6KKP
950,HNGB
951,5B6N
952,S34A
953,F4F2
954,7YTS
955,VPBQ
956,EP3V
957,8XTN
958,6Y7J
959,G8GM
960,RJEH
961,LRZS
962,SUU9
963,AV4X
964,F2WR
965,TVTV
966,GE6X
967,A5FX
968,F6ZV
969,FHJJ
970,C7BL
971,JL39
972,AR2H
973,V8XM
974,HGAS
975,MZAV
976,3A5B
977,3W9E
978,S7HD
979,A4KX
980,ESM3
981,6V7N
982,KVZT
983,TQSG
984,5THX
985,KJCB
986,C9KS
987,NLHT
988,R7FB
989,CSSC
990,TPH8
991,D7FU
992,6DTE
993,MZA5
994,KM4S
995,8FKP
996,B95W
997,WWN2
998,9SXG
999,YBEY
1000,U23V
1001,ZV95
1002,F5HE
1003,QLVK
1004,QSJS
1005,C4MJ
1006,KHU3
1007,22BK
1008,N2N7
1009,S6ZR
1010,33TZ
1011,DKDU
1012,EHXM
1013,G2LS
1014,BEB4
1015,9YMT
1016,6PT3
1017,JC8J
1018,UP8C
1019,R6KW
1020,7MNX
1021,AEWY
1022,YBGP
1023,FGP4
1024,SBRX
1025,KQ4R
1026,S8GX
1027,7LBH
1028,UZL5
1029,DJUL
1030,3Q7F
1031,F8DR
1032,9PJQ
1033,3Y57
1034,BV75
1035,3T3B
1036,MDXA
1037,RYB7
1038,4253
1039,DR32
1040,TDY4
1041,8W3C
1042,ES3D
1043,NSKG
1044,KBYB
1045,A2SF
1046,BBFH
1047,DBBG
1048,69TX
1049,4H25
1050,XEVW
1051,AZV3
1052,QBMG
1053,2EA2
1054,7N72
1055,RXWJ
1056,SY9U
1057,2NJY
1058,PA7G
1059,DM5M
1060,GM27
1061,ZD5X
1062,F3MV
1063,L3BQ
1064,243N
1065,W82M
1066,RQZQ
1067,PGPE
1068,VUVB
1069,2CZT
1070,ZUCB
1071,5SMK
1072,HZTU
1073,SYVU
1074,K2GY
1075,NJZL
1076,TS2K
1077,CA5A
1078,4ZBS
1079,A6FY
1080,DSJU
1081,PLKS
1082,UZVG
1083,GULT
1084,CTHP
1085,QG6A
1086,LDNG
1087,N25D
1088,5UH4
1089,C8J6
1090,NVRG
1091,Y6U8
1092,QYDS
1093,WGEV
1094,3ZJC
1095,B9RA
1096,KFW6
1097,R5EQ
1098,4QYV
1099,5Q7W
1100,LWHN
1101,YVZH
1102,3VKA
1103,FCS4
1104,6J3W
1105,R3F5
1106,H7UJ
1107,FFCK
1108,LJ37
1109,8F8E
1110,4CTQ
1111,3B9V
1112,YWQZ
1113,WCJE
1114,CD2J
1115,RAX6
1116,3C4Q
1117,JR9X
1118,R4V5
1119,KMGG
1120,MEEQ
1121,UBN2
1122,8FU7
1123,SKXV
1124,7W2B
1125,J2J4
1126,37YF
1127,42NU
1128,SQJN
1129,U3CH
1130,UP2D
1131,KC66
1132,922J
1133,9BZU
1134,4W6D
1135,UAQT
1136,XZKD
1137,DTHG
1138,VLGS
1139,K9VL
1140,JHUB
1141,5GK7
1142,9WN7
1143,9849
1144,9MTG
1145,AXZH
1146,SUFG
1147,MP4E
1148,YHDK
1149,ZGSL
1150,DYN6
1151,2C4T
1152,PC9D
1153,G6S5
1154,9BMR
1155,ENRX
1156,V64B
1157,CAUQ
1158,VSDN
1159,SJ72
1160,H2QJ
1161,MVHX
1162,HRG9
1163,VTKS
1164,NXTK
1165,6ZBT
1166,ADL6
1167,VVHL
1168,KH5G
1169,3W76
1170,LXJG
1171,ZZD7
1172,DFET
1173,Q8LG
1174,FED5
1175,RYR9
1176,XLTX
1177,3H4Y
1178,SU6R
1179,LA3B
1180,FGMT
1181,MGSV
1182,SVC8
1183,KLH5
1184,UMSS
1185,VL8G
1186,JMM4
1187,G7W7
1188,APGP
1189,K9J6
1190,SY8C
1191,ZM23
1192,UDJ2
1193,8FRS
1194,X2WD
1195,5JCB
1196,TQ2K
1197,KYLN
1198,7M7F
1199,KSJW
1200,3F8J
1201,7EYQ
1202,4SYW
1203,3MF6
1204,B6VT
1205,REBA
1206,SGVU
1207,N4F8
1208,ENNL
1209,SUJV
1210,XRU7
1211,AP52
1212,F476
1213,3WZ2
1214,YRW3
1215,CGGK
1216,E7KD
1217,GJAW
1218,6T6P
1219,7FYL
1220,XUUL
1221,PBAH
1222,W63M
1223,UZVR
1224,YXE2
1225,XJXC
1226,MN84
1227,7BGW
1228,Y8UU
1229,Y2KG
1230,VHW2
1231,TA8N
1232,7XZA
1233,LW5W
1234,VWVB
1235,HTW5
1236,JAR6
1237,U52Y
1238,3LMD
1239,4JFU
1240,MNPQ
1241,QGCT
1242,T6XP
1243,MY5R
1244,N93X
1245,P73D
1246,6K2P
1247,XAUJ
1248,GX84
1249,PV4P
1250,QTA5
1251,2WPP
1252,V7LR
1253,LVAS
1254,MG2V
1255,5WCE
1256,ZMXJ
1257,Q53S
1258,SR36
1259,YY3L
1260,25LW
1261,ZSMH
1262,L5H3
1263,3BN4
1264,ER97
1265,S34Z
1266,6PV4
1267,ARMU
1268,3KVP
1269,G23V
1270,CNRT
1271,7CME
1272,EVLU
1273,6RMM
1274,XM7K
1275,PD75
1276,V6C3
1277,4K33
1278,MQYT
1279,GUD5
1280,72GR
1281,288S
1282,R5B7
1283,5P97
1284,SV2D
1285,U2KY
1286,DQAA
1287,2TWB
1288,7FW3
1289,WRHD
1290,NG7G
1291,3RWH
1292,ZJUV
1293,KB7C
1294,SUK2
1295,9AP8
1296,7N85
1297,4ZHD
1298,TYWC
1299,7YDQ
1300,87G5
1301,RSPM
1302,PRHU
1303,HGG6
1304,QDBK
1305,TFK4
1306,LTJQ
1307,K66A
1308,JZ94
1309,UJ4C
1310,7AER
1311,FK27
1312,G96V
1313,AHVS
1314,RRZ8
1315,5UJR
1316,ZMAB
1317,U3YK
1318,EUXB
1319,295W
1320,YT4H
1321,LX7T
1322,DZYA
1323,PLEF
1324,L77X
1325,KXF7
1326,KCXR
1327,ZJWJ
1328,GVNV
1329,GK69
1330,YPRN
1331,3VS8
1332,PSAL
1333,GAHG
1334,FNXG
1335,YGRU
1336,CSM5
1337,APXX
1338,KDQK
1339,ZZRK
1340,UVS5
1341,PQAT
1342,5TRK
1343,WAGR
1344,XQGC
1345,GMG8
1346,2SGP
1347,ATBW
1348,PWL3
1349,D6VS
1350,YWSP
1351,QJQM
1352,X464
1353,2NM5
1354,FDHU
1355,JNX5
1356,FM36
1357,H4P4
1358,F9GJ
1359,C4UV
1360,ZL9D
1361,YUMC
1362,FRP8
1363,TVEL
1364,YTRX
1365,L8A9
1366,WLJL
1367,2WJT
1368,92PP
1369,L3WA
1370,5KF4
1371,2GNQ
1372,WEPB
1373,RSEM
1374,7MDJ
1375,AH7K
1376,LA2N
1377,9R3Z
1378,29QY
1379,HA3U
1380,3NZB
1381,YN4G
1382,Z9KM
1383,S76S
1384,B7P7
1385,ZXCG
1386,GG35
1387,E2JN
1388,7AWP
1389,M799
1390,EDT2
1391,D4BT
1392,PD7N
1393,T5HA
1394,22AA
1395,LUVP
1396,68YG
1397,BVGA
1398,CXRX
1399,DCEU
1400,UFYE
1401,MA6N
1402,RSWR
1403,5XPM
1404,PDFW
1405,EC2B
1406,RZB7
1407,DRY5
1408,EL3Z
1409,L2RM
1410,ASX8
1411,RZ6P
1412,AAT3
1413,Y2FF
1414,32VT
1415,P3FB
1416,KHTR
1417,4YMA
1418,Z6V3
1419,TS7P
1420,7ULZ
1421,TRAJ
1422,2NH2
1423,9AB5
1424,3UD9
1425,ZR3Z
1426,Q55P
1427,9JZ3
1428,TZTD
1429,3CDM
1430,2MA5
1431,E6DK
1432,RAML
1433,PG62
1434,EBVA
1435,44HB
1436,A89H
1437,ECTY
1438,B2NA
1439,PTF5
1440,SLY7
1441,26MG
1442,28B2
1443,Y52G
1444,ZUEU
1445,BX3V
1446,D4F5
1447,7ZR9
1448,VYRS
1449,SGP9
1450,JLZQ
1451,LLSM
1452,SWWQ
1453,3WWP
1454,LSMT
1455,8LD7
1456,6C49
1457,XW4V
1458,XAQY
1459,XNYF
1460,U2LD
1461,CSR2
1462,FL9G
1463,DU3J
1464,RXE6
1465,5E7M
1466,8NHE
1467,E9LZ
1468,HHAT
1469,3W5T
1470,HEWV
1471,XDBC
1472,K9QL
1473,RN23
1474,94WQ
1475,HPRV
1476,DZ35
1477,Y8WJ
1478,L6WQ
1479,V3YY
1480,SJXC
1481,P9CT
1482,BBSW
1483,E9U7
1484,BRZZ
1485,DCVE
1486,AM79
1487,7RSK
1488,MGZX
1489,GXGZ
1490,DJC4
1491,TNJ3
1492,3NB8
1493,VECG
1494,XKNT
1495,TA68
1496,FUTU
1497,N7ZV
1498,957A
1499,UNY4
1500,JEME
1501,PWGS
1502,K8LB
1503,QKND
1504,WZZP
1505,QMF4
1506,75A3
1507,DMNK
1508,7TZ8
1509,3VGX
1510,KVZG
1511,4Y42
1512,UF6J
1513,XAYU
1514,WVD4
1515,C7H7
1516,7E38
1517,FEG9
1518,XTHJ
1519,4D5Q
1520,6L3N
1521,H3HM
1522,W2AL
1523,EBSV
1524,X6Y6
1525,P3ZQ
1526,2DDJ
1527,GRQX
1528,9KYB
1529,DTP3
1530,RZXK
1531,MTJG
1532,V67E
1533,HFCS
1534,KCCK
1535,TSYN
1536,HX9E
1537,38DY
1538,39BU
1539,TDNP
1540,QJL2
1541,D9MT
1542,UCJP
1543,NVAB
1544,RC6B
1545,PT6C
1546,48JW
1547,XQ5Y
1548,HU4K
1549,QEBH
1550,QN7T
1551,NV4J
1552,7HMF
1553,XZL8
1554,CFGH
1555,XMFV
1556,PUGY
1557,53PB
1558,WLXF
1559,USSY
1560,W4Z3
1561,FVXK
1562,9UVJ
1563,56VG
1564,2SXV
1565,AJRY
1566,A9A4
1567,MTAT
1568,TU4B
1569,NWCH
1570,CZMV
1571,MRSS
1572,PDVG
1573,G3PR
1574,ABGT
1575,BWF7
1576,P9E5
1577,J42X
1578,E7ER
1579,X22K
1580,RFPL
1581,9RFT
1582,FLLT
1583,VRBS
1584,KR7L
1585,LQSL
1586,B2GW
1587,X9DJ
1588,BPQM
1589,VV23
1590,UAVK
1591,7C7N
1592,K76K
1593,A3DX
1594,4GTA
1595,VHMU
1596,QV3U
1597,BJM3
1598,QQV7
1599,H99N
1600,9AMA
1601,KRDE
1602,4A5Q
1603,3WGT
1604,262J
1605,KCG2
1606,L8VE
1607,SV7G
1608,6PYT
1609,HGSN
1610,634Y
1611,J92T
1612,2XRR
1613,QNPG
1614,ZN7D
1615,GV47
1616,X4HN
1617,EY9R
1618,XMUV
1619,G5L8
1620,J4XW
1621,TJZ5
1622,LELY
1623,Q8QQ
1624,GLHQ
1625,TGXC
1626,Z4ET
1627,RHAV
1628,6MLZ
1629,GST9
1630,A3EF
1631,EB6V
1632,N8FP
1633,J6JW
1634,UDMC
1635,QPFB
1636,M43V
1637,94DD
1638,Y5F9
1639,8PDV
1640,DFQW
1641,X9PE
1642,YVA3
1643,TLX6
1644,5XE4
1645,3RDE
1646,QZ9R
1647,UDTV
1648,G4TP
1649,MXGX
1650,829U
1651,MJ6H
1652,B3WQ
1653,8JKK
1654,GWNK
1655,U9B7
1656,XZMB
1657,KMYT
1658,SPY3
1659,ZVDM
1660,3968
1661,A6VV
1662,6ULP
1663,6JXZ
1664,5J4Q
1665,7W42
1666,H77S
1667,RV7U
1668,MQJN
1669,X6R2
1670,RAUE
1671,5Z5T
1672,KXUN
1673,8ZP6
1674,R38V
1675,WN5E
1676,XQLF
1677,GZ29
1678,3T9V
1679,YDPL
1680,UZGX
1681,3GSL
1682,L8X2
1683,EDUM
1684,HPFR
1685,MQ2C
1686,E8DZ
1687,NZ8L
1688,TTKE
1689,XNMY
1690,H783
1691,YY36
1692,ATB7
1693,BFSL
1694,9UA9
1695,PUQ7
1696,8G5F
1697,EA6A
1698,6F2Z
1699,QHTB
1700,7ZGY
1701,VNKC
1702,724W
1703,4YLN
1704,G4YG
1705,XVVV
1706,B9DM
1707,VN7S
1708,DLGN
1709,F62F
1710,8XU8
1711,TYYG
1712,N7KW
1713,4UNL
1714,ZN6A
1715,92AN
1716,6XAM
1717,YNF5
1718,YTFW
1719,8A3B
1720,RN4P
1721,RN8R
1722,WW95
1723,CK6F
1724,3L2B
1725,6NEA
1726,VL75
1727,QEH9
1728,RGHJ
1729,LUK4
1730,N62N
1731,DGUT
1732,6RGG
1733,4ED3
1734,BGV8
1735,9Y8B
1736,PEB5
1737,G7JH
1738,DESS
1739,9D93
1740,9HBM
1741,DW5M
1742,7UDX
1743,RYYQ
1744,ZAT7
1745,U3VX
1746,AA2C
1747,33CF
1748,X9ZL
1749,RFHD
1750,2PT5
1751,Z2NQ
1752,S9YM
1753,VPS2
1754,BNKB
1755,Z84V
1756,HM8R
1757,3624
1758,Z6MR
1759,BYK5
1760,4B2Z
1761,D54B
1762,QHPD
1763,2GA7
1764,9WBN
1765,MWAV
1766,GGYA
1767,NM9T
1768,GW3Z
1769,NBXX
1770,SMU3
1771,Z9U4
1772,A7KZ
1773,28EB
1774,KS3R
1775,4VYQ
1776,Y68P
1777,H7P2
1778,PT49
1779,CXYY
1780,VGTW
1781,4KA4
1782,6P35
1783,NJ7L
1784,SFZG
1785,7U2X
1786,TBQR
1787,BAK3
1788,D34N
1789,WB9Q
1790,CKCJ
1791,SCC4
1792,XQEW
1793,39LF
1794,5CDB
1795,MQA3
1796,GXLD
1797,T4G7
1798,J3NP
1799,8QW5
1800,39TB
1801,PYH7
1802,E4P4
1803,U85E
1804,PBAY
1805,W9E4
1806,2H9J
1807,7BT5
1808,FMKE
1809,WEPM
1810,K39J
1811,SUXZ
1812,BJWR
1813,HYBK
1814,4CBS
1815,ZLKB
1816,MDSJ
1817,4HQJ
1818,TAFP
1819,H3YG
1820,D7SX
1821,3ZDE
1822,L8ZK
1823,XJK4
1824,H4GL
1825,CT5N
1826,UA62
1827,7NYV
1828,SHZK
1829,66FH
1830,65Q6
1831,6T9Q
1832,LAKH
1833,A6Y8
1834,PLST
1835,S62D
1836,KKW4
1837,RCVM
1838,ZE3M
1839,LTKS
1840,9WR4
1841,ZBJ8
1842,G3FX
1843,7U9P
1844,X2MX
1845,29UH
1846,WJSG
1847,V3WQ
1848,D53N
1849,9PPU
1850,TBWZ
1851,W28G
1852,84XZ
1853,AY55
1854,JG6J
1855,Y4RT
1856,45KB
1857,2LCP
1858,SX5J
1859,38WQ
1860,ZCX4
1861,Q8W7
1862,QQTU
1863,VK69
1864,TAS3
1865,MTSQ
1866,9M3G
1867,KCG7
1868,3AD9
1869,B4M9
1870,VJQ9
1871,NR5M
1872,GWPN
1873,QTAL
1874,BLXB
1875,NSZP
1876,YKY2
1877,TJME
1878,Q7AU
1879,C35S
1880,L9JT
1881,4TG3
1882,JR66
1883,DXDT
1884,KKUZ
1885,ZR6G
1886,UZT4
1887,F62V
1888,69CX
1889,9JA4
1890,4PGJ
1891,89CT
1892,P2WF
1893,MNCR
1894,U6LY
1895,VLDD
1896,NBAM
1897,DZUU
1898,S7HP
1899,NT8W
1900,WF57
1901,KVM5
1902,4HMZ
1903,BW9J
1904,SSVE
1905,FEQC
1906,Q4E2
1907,VACT
1908,A55R
1909,7HX4
1910,7GD7
1911,DAG4
1912,XN48
1913,GEXH
1914,D5L6
1915,THPB
1916,82JX
1917,U56B
1918,3PHL
1919,QDDR
1920,KTLW
1921,YA2B
1922,U2R3
1923,6QSY
1924,K9Q7
1925,BEDW
1926,HQ6M
1927,Z9DV
1928,4F2S
1929,76BY
1930,DBGB
1931,W8MU
1932,4D5F
1933,ELGT
1934,2YGZ
1935,PT66
1936,XBJB
1937,HB4B
1938,MZ54
1939,V9M3
1940,B3A2
1941,UAZV
1942,BGK9
1943,DHJF
1944,W9QR
1945,JYJP
1946,Z7EE
1947,NWPF
1948,RRAE
1949,7KRL
1950,DKHL
1951,KAS2
1952,LCXR
1953,P8TP
1954,ACCB
1955,W6DA
1956,MNZW
1957,AGSW
1958,EZR5
1959,L8G8
1960,DFCR
1961,GXVW
1962,MWZT
1963,J5E2
1964,FYQZ
1965,D45G
1966,XTUT
1967,K4FJ
1968,D49U
1969,LVTG
1970,ES32
1971,TFVX
1972,WRDL
1973,H3RH
1974,NNWE
1975,8KHB
1976,XKUY
1977,62SM
1978,QX4U
1979,FH4P
1980,9G83
1981,82JY
1982,RJTX
1983,2S6Z
1984,ZRS4
1985,CSCJ
1986,D8KD
1987,L3JC
1988,5E2U
1989,H9AD
1990,GNGJ
1991,5FX9
1992,ZHJ5
1993,BQNP
1994,6K8W
1995,37HF
1996,KYH6
1997,UW7P
1998,JRFR
1999,KRJT
2000,2V87
2001,BC2L
2002,AERU
2003,BDX3
2004,VV2E
2005,LLS3
2006,UT99
2007,EUE3
2008,MJRE
2009,2PQF
2010,FKPG
2011,UQES
2012,3N9F
2013,UJNS
2014,C5MN
2015,CPWG
2016,FHV7
2017,3273
2018,W55U
2019,7C6G
2020,63R8
2021,NT4D
2022,TWG7
2023,747U
2024,TBBS
2025,URYE
2026,2UUG
2027,R4HQ
2028,8LU6
2029,CD7X
2030,ZK5E
2031,AJES
2032,QX3V
2033,4L3F
2034,RJ6Y
2035,7ZAA
2036,JL4V
2037,RLQ4
2038,H6Z2
2039,4RAL
2040,NP3G
2041,D5BF
2042,DRFU
2043,AT88
2044,JXVP
2045,DYC2
2046,6D9B
2047,Y6WU
2048,QTSY
2049,P2L2
2050,CL4L
2051,UKWR
2052,K73X
2053,6SYH
2054,WQ8L
2055,MKZ3
2056,XDF4
2057,5XQF
2058,M8NK
2059,9NB3
2060,UX6K
2061,ZSUB
2062,M9BX
2063,ULMK
2064,TH3R
2065,BAMF
2066,7ADC
2067,QFB5
2068,QNZU
2069,YDCX
2070,MKFL
2071,PAT4
2072,74KS
2073,76GX
2074,N4LC
2075,XTZE
2076,SNAT
2077,ZBV6
2078,4KHX
2079,NS5H
2080,BVFA
2081,34YJ
2082,VHM9
2083,HC4C
2084,LB99
2085,BG6Z
2086,XPAR
2087,J4K2
2088,FPSL
2089,KUCH
2090,LC6N
2091,7JYS
2092,9EKE
2093,5MNL
2094,JGVF
2095,3WBV
2096,2PJA
2097,WBSP
2098,QDF7
2099,HPW2
2100,Y7SW
2101,TJXE
2102,UQ87
2103,HCKF
2104,2PTX
2105,A9T3
2106,8B8U
2107,4U8H
2108,STA8
2109,DQDV
2110,HRL9
2111,AE9F
2112,6SUJ
2113,5S6Y
2114,MUGZ
2115,VR5J
2116,MPYE
2117,ZUHG
2118,FZCK
2119,TLXT
2120,ZY2X
2121,F5QK
2122,936S
2123,37LK
2124,EZCX
2125,TRFP
2126,G665
2127,742C
2128,X8MM
2129,3BSG
2130,972A
2131,77YH
2132,XQXA
2133,5TWD
2134,RHJN
2135,QVPW
2136,BVPX
2137,MESL
2138,LDGC
2139,ZNAE
2140,F8A8
2141,SM7D
2142,56SM
2143,495R
2144,PNGF
2145,ARVX
2146,UWNP
2147,6ZLJ
2148,RNXE
2149,GEDW
2150,KVQ3
2151,P6D6
2152,DAS7
2153,K455
2154,FY92
2155,E5N8
2156,SZ5L
2157,YUB2
2158,EVHU
2159,KMYM
2160,QW5N
2161,BG7N
2162,PVZD
2163,YFAM
2164,R3DN
2165,GVLJ
2166,EUHK
2167,2LWC
2168,YCYW
2169,CB7V
2170,995E
2171,32CX
2172,386V
2173,9ZQS
2174,XU9Z
2175,9JM3
2176,TB25
2177,6DSA
2178,2BNZ
2179,ZSMR
2180,KEFL
2181,J8A8
2182,MW4G
2183,G3FT
2184,KXBP
2185,RKZE
2186,JNQN
2187,39ZM
2188,Z8AZ
2189,Y5D6
2190,7A93
2191,RX86
2192,HJZH
2193,9V2W
2194,95N9
2195,SEQ4
2196,AK7W
2197,PNFB
2198,KAK3
2199,WGWF
2200,ZGQS
2201,C9M5
2202,UK7D
2203,YLSE
2204,SCS4
2205,PAHP
2206,9CZZ
2207,CQ8Q
2208,Z6EF
2209,8S3K
2210,VAD8
2211,TEE9
2212,M2EN
2213,BZ43
2214,N5VC
2215,T5H3
2216,E2RA
2217,3H42
2218,EWTH
2219,4RKE
2220,E87A
2221,4ZVS
2222,C2MR
2223,Y2P7
2224,3V2Z
2225,LJQL
2226,BATL
2227,Y3AH
2228,NJDH
2229,YWW5
2230,GT4T
2231,QGUB
2232,LAF4
2233,4PPE
2234,SW85
2235,DV5M
2236,4CXS
2237,9YRE
2238,8K4S
2239,ZHJK
2240,KVY4
2241,AMEZ
2242,TX4Q
2243,FYSF
2244,HXYE
2245,MMPF
2246,HX2N
2247,XH5G
2248,2NF4
2249,Y3Y6
2250,5MAL
2251,AN5G
2252,9C9K
2253,ED7W
2254,P3EB
2255,QSPN
2256,J53F
2257,7SYQ
2258,UXS6
2259,RPLE
2260,EV73
2261,L774
2262,ZU5A
2263,3YEJ
2264,V7WE
2265,BY89
2266,UF8P
2267,AEVT
2268,XHS5
2269,YS7X
2270,UYTZ
2271,L5FY
2272,TM9V
2273,WPTD
2274,S3QT
2275,LSZ2
2276,XZZ2
2277,Y4AD
2278,KGSX
2279,5A6A
2280,27DN
2281,LMFE
2282,6X9K
2283,XTYK
2284,ZQBA
2285,N7KD
2286,PQAD
2287,RGLK
2288,LQHL
2289,9ZLV
2290,5LFW
2291,MKYX
2292,NYV9
2293,KYRK
2294,LR6X
2295,PW25
2296,H47C
2297,MH5R
2298,C8RH
2299,JYK7
2300,JNPQ
2301,6NB8
2302,GVA6
2303,E7DW
2304,U8PN
2305,7PYU
2306,GX6J
2307,NXFD
2308,U9U7
2309,ELSA
2310,JYVP
2311,5HFN
2312,VQGJ
2313,DYCA
2314,GE8G
2315,U5AN
2316,S5E8
2317,LCLJ
2318,3FJJ
2319,5MRN
2320,S6TD
2321,EKKS
2322,5ED7
2323,PBSM
2324,L69Y
2325,RUD4
2326,HMC3
2327,XZFX
2328,T7BX
2329,5HWL
2330,GU2L
2331,EJBP
2332,AL26
2333,DPMT
2334,SP56
2335,W5KX
2336,3R28
2337,YV8L
2338,LN2R
2339,A7CT
2340,75NT
2341,LTDK
2342,DFBA
2343,VVUD
2344,6YAE
2345,3P3M
2346,DYMQ
2347,RSYH
2348,SPAT
2349,ZSPT
2350,PBMM
2351,NYCG
2352,CCR9
2353,ZYC8
2354,4A5L
2355,K8ZR
2356,ZBU3
2357,LNED
2358,A5LZ
2359,RG9N
2360,PGFM
2361,MSRS
2362,MS9P
2363,FDKY
2364,L7W2
2365,AP7X
2366,X6A6
2367,UVW2
2368,WMZ6
2369,H2GX
2370,XA5M
2371,J4KK
2372,XKDA
2373,7XLW
2374,ND2X
2375,GWXS
2376,9YYP
2377,ACQJ
2378,XVX9
2379,6H7B
2380,WKFK
2381,5M9C
2382,4U5P
2383,WRPU
2384,MXBT
2385,9UQ2
2386,9T3X
2387,WMCB
2388,HJJF
2389,XZAH
2390,F5RG
2391,H26A
2392,AUN2
2393,536U
2394,KGN2
2395,5X8J
2396,SGLU
2397,D92W
2398,R872
2399,UGR9
2400,8PJN
2401,H3YM
2402,GFFC
2403,4U8K
2404,FHTT
2405,6MDD
2406,DFE9
2407,UUH6
2408,SQYN
2409,V9CX
2410,V9MC
2411,9AKM
2412,SJ95
2413,X9QU
2414,VGJU
2415,VUME
2416,UP7K
2417,WZ7J
2418,FRR5
2419,HTR3
2420,HW3F
2421,YEGL
2422,BDB4
2423,YLXQ
2424,L7GP
2425,VQK2
2426,DTG3
2427,F26F
2428,R38T
2429,F8CP
2430,9Z6C
2431,69AZ
2432,JWH4
2433,NX54
2434,MG5R
2435,LCGM
2436,PZ35
2437,BUKM
2438,BA5B
2439,VT8C
2440,HRSD
2441,2UJU
2442,WW58
2443,9SU9
2444,FHYL
2445,YGMK
2446,968X
2447,P8AU
2448,84XC
2449,DXJL
2450,4S8L
2451,DMK9
2452,6YDV
2453,6LGX
2454,UMSP
2455,X25L
2456,H8JT
2457,ZX42
2458,PYT3
2459,D7GN
2460,QWYP
2461,LT95
2462,MZ9X
2463,AJFU
2464,6EYY
2465,WH2H
2466,PB27
2467,6T9S
2468,7TK3
2469,NXJL
2470,X9JF
2471,A7NY
2472,W6ZL
2473,354A
2474,TQE5
2475,WEQJ
2476,E9LS
2477,ZRPK
2478,9GJK
2479,JDF3
2480,HYN9
2481,M5BS
2482,P2HS
2483,LAFD
2484,JWRS
2485,XXU9
2486,ATBB
2487,AW76
2488,H7VB
2489,CJV5
2490,J7JU
2491,RBT8
2492,HBST
2493,RLM2
2494,DA39
2495,T4KW
2496,MXFA
2497,YEHX
2498,NNZD
2499,23KK
2500,MQQ3
2501,MN39
2502,QBM6
2503,NRV9
2504,FJK5
2505,CVDJ
2506,J3Y9
2507,Y2Y8
2508,D4M8
2509,QS22
2510,4ZMK
2511,TSN6
2512,LH3G
2513,MLJH
2514,X8FC
2515,TL6F
2516,54WU
2517,8V99
2518,DX25
2519,77ZE
2520,R25E
2521,V6WK
2522,UW29
2523,NT8H
2524,E5DM
2525,WXFB
2526,MJJN
2527,5X45
2528,TCFY
2529,CJSL
2530,YWL6
2531,2V6N
2532,2T2D
2533,FKGL
2534,V7LF
2535,W27T
2536,FBDD
2537,SUMX
2538,L8C2
2539,NBUU
2540,DZH4
2541,RKLT
2542,NGQP
2543,XUAF
2544,NB4K
2545,5F8H
2546,PCZP
2547,T929
2548,R6WJ
2549,C2FP
2550,BF5S
2551,JXGM
2552,RDY3
2553,L5GC
2554,BL8N
2555,UCCF
2556,U4QQ
2557,392G
2558,SEJ8
2559,T3W7
2560,THKW
2561,KWS5
2562,VNV6
2563,JBEN
2564,J3CC
2565,8HVC
2566,H2AE
2567,6VXQ
2568,STYY
2569,9SX7
2570,9D6V
2571,GLN6
2572,EYC7
2573,CGY7
2574,84GV
2575,7GAT
2576,62H8
2577,48MC
2578,EYMU
2579,FR5X
2580,5NQ4
2581,LFRC
2582,F689
2583,2WFG
2584,TXWJ
2585,3MPR
2586,N3RQ
2587,Q7AJ
2588,T85B
2589,E6R5
2590,W6VJ
2591,WMRR
2592,HR3E
2593,ZAM5
2594,KNML
2595,BFBJ
2596,K9UM
2597,8NP5
2598,3UDZ
2599,RJAG
2600,UVNG
2601,2QFW
2602,DSKG
2603,WGMX
2604,9YSV
2605,9NSV
2606,52Q9
2607,BNC2
2608,PJZK
2609,4QFC
2610,EEWL
2611,BYUJ
2612,WHG7
2613,FAVB
2614,FHZ3
2615,9BQW
2616,MZKU
2617,NF8P
2618,X5WJ
2619,TRDP
2620,YVTY
2621,TABT
2622,MQCJ
2623,MCWQ
2624,CJHJ
2625,NSRP
2626,3Y5B
2627,ZXV5
2628,FVVY
2629,5Y54
2630,VBM3
2631,F5C6
2632,CAJY
2633,UTSR
2634,X8SX
2635,XZWN
2636,86DU
2637,8KYY
2638,9KAC
2639,USKE
2640,WGCD
2641,NKEC
2642,UUUU
2643,7HMR
2644,AP7L
2645,RYR2
2646,2ATQ
2647,2MKT
2648,4ZG2
2649,5CMK
2650,NDDJ
2651,9JW6
2652,CFEX
2653,GCQ4
2654,L5EC
2655,RMM6
2656,2DT8
2657,BP55
2658,68AQ
2659,LZBL
2660,2UNB
2661,35H3
2662,Q8ES
2663,BBK4
2664,S53S
2665,F5FS
2666,L8SD
2667,4XL4
2668,BBQ2
2669,4UPX
2670,JZQM
2671,7ANQ
2672,H4FQ
2673,27CZ
2674,TKFH
2675,TNGR
2676,UPDA
2677,9RD3
2678,APUD
2679,YLRF
2680,42T2
2681,V6MJ
2682,BUBY
2683,R8MF
2684,HPX4
2685,UMN3
2686,UL75
2687,4NTV
2688,C6SS
2689,7ASG
2690,JF6W
2691,TK6J
2692,PR9X
2693,HTSS
2694,V4R6
2695,NW7J
2696,UPLG
2697,27G8
2698,QU8F
2699,9PMC
2700,YBZS
2701,J9A7
2702,EMZW
2703,HQE9
2704,2CAW
2705,QVTP
2706,4C6V
2707,8FEN
2708,M5AD
2709,XELD
2710,BFJ8
2711,YWKP
2712,BH74
2713,DXJJ
2714,XB29
2715,FN2H
2716,FZAA
2717,6MT4
2718,6KTC
2719,8DS7
2720,CTNM
2721,2VFU
2722,5AKT
2723,V949
2724,MWR8
2725,CYZW
2726,P34D
2727,6RBX
2728,MK97
2729,5RCD
2730,HVZY
2731,ZBUR
2732,9J4M
2733,DE9T
2734,28ZJ
2735,V7Z7
2736,84Z7
2737,HXRN
2738,3225
2739,Y3ZJ
2740,CFHS
2741,YMTK
2742,DJ6W
2743,L4EY
2744,B6K2
2745,NT4G
2746,6RE2
2747,VJ7M
2748,5AY3
2749,Y7SV
2750,G6BD
2751,4JJU
2752,RHCY
2753,MWP7
2754,M5AB
2755,XWKH
2756,6JJQ
2757,5Q5V
2758,C8SP
2759,TY4N
2760,SLTH
2761,STXD
2762,8VEE
2763,V5HA
2764,Q67L
2765,MXVK
2766,RTYE
2767,BW5T
2768,LQEJ
2769,BYCF
2770,EDCG
2771,36GN
2772,BJ6L
2773,AP3U
2774,ABL9
2775,FBX2
2776,MXW4
2777,3VEY
2778,GGRJ
2779,KQKE
2780,FWKZ
2781,K53D
2782,UK82
2783,CH7B
2784,EE35
2785,FRQB
2786,TV3T
2787,E7KS
2788,A4HR
2789,H4KP
2790,36WC
2791,Z2S6
2792,BFCZ
2793,UCMD
2794,FGU5
2795,FQXC
2796,9A5E
2797,23GB
2798,JWWX
2799,SU4Z
2800,FMGM
2801,A5KK
2802,NPHW
2803,BPSH
2804,LF7F
2805,UPLY
2806,CW7X
2807,8B52
2808,EX4X
2809,YADY
2810,RYUD
2811,3ZQQ
2812,X6LB
2813,YMSU
2814,A8HF
2815,6HWC
2816,5U4K
2817,JAWC
2818,EM9L
2819,7Q6S
2820,ND8A
2821,FLTB
2822,TWXK
2823,VGTN
2824,PTP5
2825,4Q8M
2826,YJZD
2827,8WXA
2828,FXVZ
2829,QM4L
2830,2RXE
2831,DRV3
2832,6LYG
2833,UZ9U
2834,X2FG
2835,ULKV
2836,HAAX
2837,JT9D
2838,4TT5
2839,YKKY
2840,NG44
2841,DC5K
2842,NHQQ
2843,MDSF
2844,GLJF
2845,YUF7
2846,Y7HT
2847,NYTA
2848,E2XF
2849,A2EV
2850,9ZM6
2851,UEX7
2852,7942
2853,9T47
2854,A9NT
2855,UDCY
2856,L5VR
2857,UBW7
2858,VJ2Q
2859,5AZ4
2860,26TZ
2861,RKLA
2862,Z96U
2863,ZA46
2864,V75P
2865,RED4
2866,YMGF
2867,HAXZ
2868,LKP3
2869,T9JX
2870,52WV
2871,7VZL
2872,E96Y
2873,N6LQ
2874,AK2D
2875,RFRG
2876,XYRB
2877,VHKE
2878,XRD2
2879,38YY
2880,28KG
2881,BEG9
2882,DDSU
2883,BDX8
2884,S2TE
2885,DU7E
2886,3XHX
2887,8WNG
2888,LB49
2889,DVUE
2890,FRPZ
2891,94L8
2892,KKEJ
2893,8YNF
2894,N9BX
2895,EX7Y
2896,D8HU
2897,TS6X
2898,3QEW
2899,7XJZ
2900,VK9G
2901,RLQR
2902,7ET7
2903,DLRX
2904,GD8V
2905,3VUN
2906,ABD3
2907,7A9Y
2908,QX8G
2909,H726
2910,KF4Z
2911,JPE8
2912,QGAH
2913,SLGX
2914,HBDK
2915,SCRE
2916,QSGW
2917,68SB
2918,TMES
2919,QHFH
2920,N3SS
2921,NYLH
2922,UJKU
2923,29EJ
2924,WS46
2925,VJ95
2926,Q8YE
2927,JZP5
2928,F32V
2929,K3LW
2930,9KXV
2931,9TQT
2932,KZB4
2933,6DWU
2934,LV7E
2935,JRLW
2936,S8ZD
2937,UTKT
2938,BPRD
2939,2MWC
2940,7YUU
2941,GF4G
2942,Y7HQ
2943,Y3LQ
2944,63D5
2945,QQZ2
2946,4NYG
2947,6RGS
2948,MZ88
2949,JX6D
2950,5DTY
2951,Z93L
2952,XXUS
2953,38Y4
2954,U5EC
2955,EQHS
2956,BTPG
2957,AE76
2958,XKW6
2959,EJNM
2960,6SE6
2961,3BL8
2962,V2F7
2963,SJZA
2964,9KLJ
2965,AD3H
2966,3VRA
2967,E3QK
2968,EURK
2969,R4KC
2970,BCNA
2971,ZADF
2972,UKVP
2973,6NBZ
2974,6YC7
2975,3WUQ
2976,HN86
2977,XS4R
2978,TMUQ
2979,RQBF
2980,YKK4
2981,9CP4
2982,9BEW
2983,VNSB
2984,4EEE
2985,YGAJ
2986,HSE4
2987,LHJG
2988,CTDH
2989,LW8Q
2990,JHHY
2991,S3J8
2992,7WAL
2993,8JHV
2994,CDT5
2995,J8WL
2996,GSR5
2997,GQRE
2998,GTJ8
2999,SVUC
3000,RT9Q
3001,Y99N
3002,7WQ6
3003,5P4B
3004,GJ84
3005,HDYG
3006,AWT7
3007,YZUL
3008,WMG5
3009,RPJD
3010,GCWC
3011,Q92N
3012,8ZTU
3013,N8FT
3014,G45Z
3015,6H4C
3016,RK5U
3017,D3H4
3018,NQHV
3019,VSYW
3020,ZUGA
3021,G2JE
3022,QDSE
3023,EBVJ
3024,Y8BF
3025,E532
3026,GTT3
3027,CXJM
3028,LYJD
3029,PJWS
3030,TM9X
3031,QF7J
3032,C5ZQ
3033,5E86
3034,4TQY
3035,SQX5
3036,N3G6
3037,TDMC
3038,6WQ3
3039,S6YT
3040,RQEL
3041,UF3F
3042,T8DQ
3043,CG8E
3044,EP5Y
3045,Y2M8
3046,CD27
3047,ANKG
3048,L6DU
3049,YG58
3050,TGRP
3051,M5AT
3052,RY3E
3053,UA6F
3054,NSFX
3055,6JUD
3056,Z55W
3057,FXYT
3058,AWM6
3059,H23B
3060,ZS84
3061,QQ8H
3062,4YHL
3063,C4PU
3064,MQWR
3065,WZCE
3066,FCUQ
3067,TZ4X
3068,TJAT
3069,LYP6
3070,UYQ7
3071,6N88
3072,MA9T
3073,ZFCC
3074,BW25
3075,ZGKG
3076,F9YX
3077,LZPG
3078,9C2V
3079,78LV
3080,8EPF
3081,QKCM
3082,4R6F
3083,ZLBF
3084,JK97
3085,VL6H
3086,YQPY
3087,9SYA
3088,HA2M
3089,6J9U
3090,5NA3
3091,ZQGV
3092,UBYV
3093,4TSP
3094,8NKY
3095,V8CA
3096,EPAS
3097,ZLPD
3098,JXWW
3099,YKWY
3100,WKA5
3101,YGXR
3102,NTYL
3103,JYWS
3104,PXPN
3105,LVMR
3106,3JEW
3107,Z4H9
3108,VBJ6
3109,B5XD
3110,G4WQ
3111,9LVH
3112,5KU7
3113,UM5D
3114,5UFR
3115,LKNA
3116,LJFA
3117,K979
3118,JNWJ
3119,93VL
3120,FYGM
3121,VL9C
3122,LZQB
3123,C48J
3124,4KMR
3125,8ZKS
3126,D2XK
3127,VXMN
3128,PZNY
3129,PVSV
3130,RX9G
3131,PFJ3
3132,FZ5A
3133,NJ7G
3134,YMVC
3135,ZWLB
3136,RFTM
3137,R7FV
3138,GJCQ
3139,MVZ6
3140,LK79
3141,ALJF
3142,RMHL
3143,ZK54
3144,XXLV
3145,RESD
3146,W38M
3147,G2YN
3148,YLRS
3149,ZGFJ
3150,5JJ6
3151,KXVZ
3152,RXFD
3153,9MQR
3154,SWTY
3155,U4LH
3156,LZQ2
3157,XPPW
3158,VDKQ
3159,AJP8
3160,9HDR
3161,ZJLE
3162,QR2R
3163,YAHG
3164,K3A6
3165,3Z2A
3166,FMQ9
3167,RGRD
3168,SZK3
3169,4CDF
3170,RUMT
3171,KWG2
3172,CERC
3173,9RUH
3174,AUBM
3175,M2NL
3176,PTKT
3177,VU84
3178,ZGZS
3179,LC3C
3180,EGYV
3181,HA59
3182,HHN2
3183,KEPH
3184,ZWQR
3185,RNUP
3186,G6RV
3187,S6FF
3188,SJ8Z
3189,DZ4J
3190,9NCR
3191,HA9J
3192,N43Q
3193,256P
3194,C6FS
3195,S7UY
3196,6KR2
3197,LFHN
3198,XMPB
3199,6K2B
3200,8J3G
3201,UBGL
3202,2ST3
3203,JQV7
3204,SXFR
3205,3XPF
3206,GLWX
3207,6N7X
3208,73DT
3209,GQC9
3210,CGKN
3211,EZZU
3212,ZBD4
3213,9K2T
3214,NYF7
3215,A496
3216,GAM6
3217,6QYN
3218,TEXY
3219,D7ZQ
3220,TCNF
3221,R2A4
3222,KXCW
3223,3YGE
3224,EFHV
3225,UER6
3226,5SFJ
3227,B9PC
3228,X6ZF
3229,8P4A
3230,6UQ6
3231,SMKQ
3232,HTHV
3233,KRTF
3234,GHJ5
3235,HFXQ
3236,DRNL
3237,U92S
3238,WYUC
3239,B7ZN
3240,359S
3241,PE8D
3242,M7BV
3243,3FKX
3244,JL74
3245,X7XB
3246,DKWK
3247,RK79
3248,UK4J
3249,GVBM
3250,EG9N
3251,7U53
3252,VCYB
3253,BQK6
3254,VZ75
3255,V996
3256,BAJG
3257,5U2J
3258,9E3T
3259,Q32C
3260,UJYU
3261,U73X
3262,D82T
3263,6LX2
3264,78XZ
3265,QCS8
3266,AXPD
3267,BEWL
3268,7SED
3269,4GE4
3270,CL58
3271,ACPM
3272,8XSB
3273,UQYW
3274,TPBP
3275,YYHS
3276,UUPV
3277,SMC3
3278,C5KR
3279,26N5
3280,ZM9D
3281,CDD3
3282,R4EH
3283,AJFH
3284,8PTN
3285,LKMD
3286,FY9P
3287,63ET
3288,2AEX
3289,XBBZ
3290,CPDF
3291,T7S9
3292,VTJP
3293,GSZL
3294,GETH
3295,JZX2
3296,TBEN
3297,JLJ6
3298,DXTT
3299,M55K
3300,4K97
3301,GTVU
3302,Y6YU
3303,KUNP
3304,75YT
3305,BTLF
3306,LQTM
3307,RSMZ
3308,K56Z
3309,9S8Z
3310,SERC
3311,L274
3312,V9FM
3313,Y92D
3314,KQ8L
3315,LHW7
3316,QMTV
3317,6R3L
3318,MKUH
3319,GTTU
3320,NSMV
3321,35FD
3322,N6ZG
3323,RKRU
3324,Z9J7
3325,EHLL
3326,Q6NM
3327,7QUL
3328,ZD6D
3329,HPT3
3330,J5LR
3331,TCSK
3332,REJQ
3333,TJDH
3334,6R7E
3335,36BW
3336,HJ8Q
3337,995W
3338,MQRU
3339,ANPR
3340,AE8Q
3341,W4W8
3342,74RY
3343,F87T
3344,G9HC
3345,TEJ5
3346,XVBE
3347,AJDE
3348,B4N4
3349,UFNM
3350,H3SE
3351,GATT
3352,G7KG
3353,43DG
3354,JPPF
3355,RD87
3356,V393
3357,VGZN
3358,2E6G
3359,ZDMC
3360,TFS8
3361,QBUY
3362,WY3S
3363,W6MZ
3364,YD6H
3365,XYUJ
3366,PK44
3367,9VT9
3368,A3YQ
3369,X5NQ
3370,X2WV
3371,8HZG
3372,CMYV
3373,DDVY
3374,9XR7
3375,PFBM
3376,JCYY
3377,PE6R
3378,QRKH
3379,DJLL
3380,F55W
3381,DGJ8
3382,X26P
3383,7FF9
3384,ZQTL
3385,6U5F
3386,N3M4
3387,KZQ9
3388,HDYX
3389,YCEK
3390,PFWS
3391,5XQK
3392,HRQW
3393,T246
3394,VX9L
3395,3LAB
3396,SDRS
3397,X7YQ
3398,DEKB
3399,YWJU
3400,FEPX
3401,MFJW
3402,MQGB
3403,AA69
3404,YKKR
3405,JGWE
3406,GT3S
3407,UG5S
3408,D9KV
3409,Y4NJ
3410,D2KD
3411,YDFZ
3412,6N64
3413,LCS7
3414,H9WQ
3415,RFH7
3416,K2KC
3417,4ANP
3418,J2Z6
3419,65PR
3420,K8UE
3421,FWKH
3422,AL48
3423,PG74
3424,YJ24
3425,AYVM
3426,MMNV
3427,EXSU
3428,P4BY
3429,M5GZ
3430,PDX8
3431,HN3H
3432,FT37
3433,HCE3
3434,FKMG
3435,ZG2A
3436,YTZX
3437,BJTG
3438,UY7D
3439,6SLF
3440,46TE
3441,8CAY
3442,BS4W
3443,FUKQ
3444,BXPH
3445,4Y34
3446,WALA
3447,4NCA
3448,Y8YC
3449,QB5M
3450,ZQ6T
3451,YXDD
3452,2YCN
3453,F8LB
3454,WZJH
3455,79DH
3456,W5Y8
3457,9UYH
3458,UU89
3459,VBNW
3460,7X9V
3461,X4CS
3462,BCES
3463,ZRB8
3464,9B3T
3465,B7AV
3466,8B5T
3467,JG9E
3468,PL9R
3469,A7YF
3470,532Y
3471,LG46
3472,CPZK
3473,Y2SX
3474,7ZQG
3475,CCPH
3476,376C
3477,RUB8
3478,3559
3479,UXQA
3480,2FFC
3481,VAP7
3482,Q3NL
3483,85AU
3484,DG3L
3485,7U6R
3486,3GS9
3487,62NT
3488,BZSW
3489,FPG4
3490,5MJC
3491,C8HB
3492,HRBR
3493,FRAR
3494,S28H
3495,37CP
3496,2EZV
3497,K6MX
3498,EYJN
3499,2RFZ
3500,BCCD
3501,2XEV
3502,24DF
3503,RSA9
3504,N9P6
3505,ASVZ
3506,HZ9X
3507,RU7E
3508,QFKX
3509,JQ89
3510,7USH
3511,GS5F
3512,V8CY
3513,G9UG
3514,ZSC9
3515,JDFY
3516,BA7L
3517,9B7L
3518,7H45
3519,LDL4
3520,XEUS
3521,YXMS
3522,MXA3
3523,8742
3524,CTAD
3525,M4K7
3526,EDQM
3527,SHTV
3528,C8PY
3529,A8EX
3530,BYMV
3531,3L7M
3532,RVMQ
3533,SYDN
3534,WMTZ
3535,2DLW
3536,RJ32
3537,HVVA
3538,SBBM
3539,FY6U
3540,EJMS
3541,7KZF
3542,WZ9M
3543,7ADQ
3544,6PK7
3545,KSZF
3546,VCLS
3547,DW5Z
3548,TTGH
3549,6WFF
3550,92RT
3551,YKU2
3552,NCGL
3553,S626
3554,J5GL
3555,A6SG
3556,AFR2
3557,FZQC
3558,HKMX
3559,6MA7
3560,7ZHB
3561,T93E
3562,RP5D
3563,VY2F
3564,DWN8
3565,HM3M
3566,2PBU
3567,WTKE
3568,KXAY
3569,BFUW
3570,CG9X
3571,GAW6
3572,YF5H
3573,9QBG
3574,R39C
3575,WJJZ
3576,YH3L
3577,43R5
3578,VM58
3579,JH7Z
3580,N2H3
3581,54NX
3582,PLMA
3583,U9ZY
3584,XME6
3585,SLQ4
3586,Q89G
3587,ZT33
3588,JCDQ
3589,B8DX
3590,FUXX
3591,MK72
3592,TUB4
3593,SDGP
3594,FUWF
3595,PZ38
3596,PRUC
3597,ZLA8
3598,Z4E6
3599,FGTR
3600,DM6D
3601,ASVF
3602,A7AY
3603,QQNF
3604,EMZX
3605,YEH2
3606,T74E
3607,FFHV
3608,L229
3609,G5UW
3610,88FC
3611,CYW2
3612,5U2A
3613,HQ6K
3614,V2PH
3615,H5D8
3616,P9GT
3617,FL5W
3618,B7EH
3619,ML4A
3620,FAUN
3621,WMRN
3622,CYQ7
3623,Y88N
3624,DESJ
3625,Y4VB
3626,DJPC
3627,D6WP
3628,3NRF
3629,RZQF
3630,U5ZD
3631,K8JX
3632,NBZH
3633,F2W2
3634,VYEX
3635,2TN7
3636,8A8R
3637,88LQ
3638,8RWS
3639,SPCN
3640,K29G
3641,SREK
3642,SPRU
3643,WDET
3644,FFEH
3645,JZEZ
3646,V4B9
3647,V38R
3648,K37H
3649,6FZ7
3650,ZYCN
3651,4PDN
3652,MX2X
3653,S9PB
3654,Q55J
3655,F64D
3656,VBTJ
3657,KQV6
3658,YVW3
3659,5576
3660,KDZ9
3661,LPLQ
3662,2ARH
3663,3WTX
3664,WZX7
3665,DEG7
3666,UYX4
3667,B8NN
3668,FBML
3669,DLK4
3670,NXK7
3671,UKDN
3672,R3A4
3673,AHQT
3674,AVWB
3675,GH6G
3676,NC33
3677,NAN7
3678,73XA
3679,FLRM
3680,BKKV
3681,QA69
3682,KF6K
3683,S3CG
3684,S4DJ
3685,FBGL
3686,8RHK
3687,J2G3
3688,2BWW
3689,WW5K
3690,FTF8
3691,T7A6
3692,RWH2
3693,KQTH
3694,L458
3695,NDZ2
3696,P3VZ
3697,HXE6
3698,53KB
3699,U56L
3700,FY59
3701,QPCY
3702,VTEG
3703,R97J
3704,5V2P
3705,KPRE
3706,G8NG
3707,DV2M
3708,5982
3709,CYGH
3710,ZA7M
3711,YMAY
3712,DG5U
3713,T5AS
3714,DW82
3715,FULQ
3716,WXMW
3717,E3UZ
3718,LHDK
3719,CA5U
3720,N7BE
3721,J8FP
3722,GW36
3723,HR72
3724,KV7M
3725,3XZS
3726,84F8
3727,4VTH
3728,MMG8
3729,36NE
3730,VFTG
3731,CS4M
3732,7T4H
3733,FJYS
3734,7N4X
3735,AUWE
3736,HV27
3737,V4ZE
3738,LFC6
3739,X7EV
3740,6GXF
3741,KBWG
3742,RVYG
3743,ZM47
3744,N8GB
3745,JU3Q
3746,LHRD
3747,SQHK
3748,D6X5
3749,Y2WS
3750,ZAEW
3751,KLMC
3752,D9JW
3753,YR6Y
3754,S7LJ
3755,G46X
3756,UBQC
3757,XDTN
3758,GBNQ
3759,GSQM
3760,5AQF
3761,G3CP
3762,U5E6
3763,NH4Q
3764,UZG6
3765,F479
3766,662S
3767,YXLY
3768,KBKW
3769,UVPZ
3770,7ZS6
3771,CZCF
3772,MA5Q
3773,9ZSU
3774,URLC
3775,J88N
3776,29D2
3777,V4UB
3778,TXMV
3779,ZXEE
3780,WVQ3
3781,TCVW
3782,G5PM
3783,QPUH
3784,X3UJ
3785,N8LL
3786,LWUJ
3787,R9TL
3788,E7VQ
3789,25XC
3790,GE9T
3791,47KB
3792,C6BZ
3793,9XQL
3794,M5A9
3795,FDUZ
3796,6Y7Z
3797,8RVV
3798,DR2U
3799,RQBV
3800,6PC9
3801,FZLQ
3802,AWUN
3803,EHHK
3804,QLBK
3805,FSF4
3806,ZSQQ
3807,YEMT
3808,B745
3809,E77N
3810,LNRU
3811,KTJK
3812,VF8K
3813,8NLZ
3814,6HNA
3815,2694
3816,EY72
3817,KUSD
3818,8KU2
3819,WKKS
3820,WHQZ
3821,XJG2
3822,REL3
3823,TD4P
3824,G92B
3825,ZGBZ
3826,MY6S
3827,9FXE
3828,NXH9
3829,N85M
3830,24NZ
3831,BQYM
3832,HPAD
3833,VN4R
3834,SH8H
3835,ZTJJ
3836,E5L8
3837,QJGM
3838,RCT9
3839,QRFE
3840,74RA
3841,TU47
3842,5BLL
3843,MH43
3844,PKVH
3845,HPS7
3846,YFCT
3847,PEVY
3848,76FH
3849,FFSZ
3850,QTNX
3851,MZFW
3852,GFKS
3853,5F3L
3854,2EJV
3855,CJRX
3856,QDMV
3857,7UVK
3858,EPQL
3859,29ZV
3860,PJDC
3861,RHC6
3862,J9PA
3863,YWDX
3864,SWBE
3865,K4KH
3866,HG25
3867,5JT6
3868,QM2S
3869,MPXS
3870,3P8K
3871,ZNUD
3872,CTCQ
3873,6EKP
3874,3CA4
3875,8VMN
3876,PQ9L
3877,NWWU
3878,6W74
3879,GXET
3880,JTA8
3881,4N29
3882,W8UK
3883,V7SB
3884,5PRB
3885,METD
3886,ADTF
3887,AF62
3888,CJZ6
3889,WFKJ
3890,ULVW
3891,CDPC
3892,FUFB
3893,ZFV3
3894,C3D4
3895,HVDR
3896,J8PL
3897,BKU9
3898,N3QL
3899,JC7K
3900,HDMY
3901,G2NU
3902,7X2K
3903,9YA6
3904,Y7PJ
3905,3CA3
3906,3UW2
3907,A6QX
3908,5XT9
3909,NQZ9
3910,VGWP
3911,6DD7
3912,YS7S
3913,LV7F
3914,RUNF
3915,2YS3
3916,3UM7
3917,LHYC
3918,34JW
3919,TR7Q
3920,8VDG
3921,8R64
3922,3JUN
3923,JT2V
3924,3P2G
3925,GPLJ
3926,8KCV
3927,DTTW
3928,V378
3929,QJQ8
3930,DGTW
3931,LTAW
3932,ZCUE
3933,ZCS5
3934,AS2T
3935,25XP
3936,G6BH
3937,6DB6
3938,P7D9
3939,R2L4
3940,UCZV
3941,BW7T
3942,FXB7
3943,PG4K
3944,VZAC
3945,AED7
3946,4Q5V
3947,FL7F
3948,3TGT
3949,TLEH
3950,GMMY
3951,2PKX
3952,BZDK
3953,MQHJ
3954,WKBP
3955,PGGA
3956,3J9H
3957,W953
3958,BCWS
3959,YUZD
3960,FZBS
3961,AHBS
3962,59AB
3963,WUP6
3964,FWV2
3965,8PLB
3966,WNH6
3967,S3MH
3968,6TPK
3969,48LH
3970,YDJJ
3971,F3QD
3972,TU4M
3973,F4A8
3974,U9UB
3975,U5TD
3976,4XSW
3977,JHBS
3978,KDD2
3979,ZTU6
3980,JZ47
3981,Z6PZ
3982,U6KX
3983,XPFJ
3984,XK4V
3985,YRHG
3986,L3E5
3987,AF3S
3988,U6NQ
3989,4NHU
3990,EHAA
3991,BVTF
3992,SFTZ
3993,F23M
3994,YFSK
3995,WWX2
3996,JD3Q
3997,ALFM
3998,X8AP
3999,WG7L
4000,6LZ2
4001,J3KM
4002,DAW4
4003,XE32
4004,S9WU
4005,G3V4
4006,SN56
4007,S66N
4008,EZS8
4009,EM65
4010,VCA6
4011,QAX4
4012,PYPG
4013,E4ZQ
4014,QNDN
4015,NVP2
4016,6HPE
4017,E5PC
4018,CVLX
4019,TL92
4020,AQPV
4021,5F7W
4022,H34U
4023,AGVE
4024,JVQ6
4025,WX3Q
4026,HJ77
4027,JKMK
4028,SXH2
4029,XX4Y
4030,2BAP
4031,QE87
4032,FTGL
4033,PV97
4034,SGWJ
4035,2MGC
4036,PAV3
4037,ZRLD
4038,CBWS
4039,WDH4
4040,E7RA
4041,GQ2S
4042,V2Z7
4043,AQF7
4044,SGED
4045,KZ7D
4046,F4H9
4047,FLYD
4048,934J
4049,2GJN
4050,JTFS
4051,V9ZJ
4052,FLCK
4053,62BE
4054,E2BB
4055,KLAJ
4056,DC57
4057,TTA8
4058,Q7WW
4059,SHDB
4060,NC7W
4061,HFKG
4062,U8RR
4063,TC86
4064,WZQ6
4065,8KH3
4066,HWLB
4067,44SE
4068,8ER8
4069,MABL
4070,BKD6
4071,6M4H
4072,99EB
4073,EFT7
4074,2QHZ
4075,FFC4
4076,GXM5
4077,M2YA
4078,HTZM
4079,3YP4
4080,ZVUC
4081,HHKR
4082,MB43
4083,CPHJ
4084,XUUB
4085,G5H8
4086,YJYW
4087,ZTJQ
4088,6VCP
4089,RFL8
4090,D2W5
4091,RGF8
4092,K7QB
4093,99WT
4094,E7WJ
4095,WKH7
4096,NK6Q
4097,XHLA
4098,S9KT
4099,Q22W
4100,YCEM
4101,HSMJ
4102,SBHW
4103,99HT
4104,YLYB
4105,RXYJ
4106,UQ2U
4107,YWZ2
4108,9SE4
4109,P89X
4110,8KDB
4111,F582
4112,XXDZ
4113,USUA
4114,MX8C
4115,8VW4
4116,YRA7
4117,BLWL
4118,JJZL
4119,YERR
4120,ZZTY
4121,697G
4122,FB7J
4123,JCZ3
4124,SULZ
4125,FEJ4
4126,SMGX
4127,6LF9
4128,QNRX
4129,5C68
4130,PJCT
4131,D6AF
4132,PU7R
4133,K3QE
4134,9LC6
4135,6XAX
4136,3T7V
4137,FKSH
4138,5VCQ
4139,7Z7P
4140,7BSH
4141,4X7X
4142,XQ3K
4143,GX66
4144,RLQX
4145,GLA2
4146,FCV7
4147,T4UA
4148,GQEC
4149,UQEK
4150,X5R6
4151,8Y32
4152,HCBY
4153,6GYS
4154,47HL
4155,HM9E
4156,3N3W
4157,C4PB
4158,XJWC
4159,CJSC
4160,KQAM
4161,BSKF
4162,GDTD
4163,KPKZ
4164,8VWF
4165,YMZ3
4166,LRMH
4167,36QB
4168,UW6S
4169,YZ27
4170,SYE5
4171,FUCL
4172,8Q54
4173,W36F
4174,VMME
4175,PYL6
4176,BTX3
4177,7JL3
4178,3DU3
4179,RHPL
4180,P692
4181,FT64
4182,FLQ2
4183,24WW
4184,KR37
4185,YM95
4186,JMB7
4187,HNBB
4188,PHPC
4189,AEAP
4190,CC9V
4191,VYDY
4192,N5CC
4193,QPYQ
4194,B8CJ
4195,Y5ZF
4196,GMJ6
4197,PDLY
4198,GS2T
4199,ESCK
4200,8RY8
4201,YFTT
4202,D4JL
4203,FLBC
4204,U84Q
4205,ACWU
4206,S4XU
4207,EZJT
4208,3VRS
4209,9CJB
4210,YE9W
4211,YYSE
4212,JE8J
4213,FDZN
4214,MXE9
4215,ECMB
4216,95UB
4217,YMNL
4218,ZQRZ
4219,3U8S
4220,MBL3
4221,SH4X
4222,SDE6
4223,4AXA
4224,RW6R
4225,2LJ4
4226,FPT3
4227,5T54
4228,4D4C
4229,SW4S
4230,BP7C
4231,RXCN
4232,MYKK
4233,XGQE
4234,QYXZ
4235,EYDS
4236,MRN3
4237,NKZ6
4238,GT8Q
4239,ZA3M
4240,ZCA8
4241,HTRA
4242,RE4B
4243,PTQ3
4244,SXEN
4245,G6FE
4246,3GZX
4247,CS9T
4248,9KZG
4249,7CX6
4250,RVP3
4251,N82Q
4252,JHKX
4253,G2MY
4254,QSXC
4255,53QX
4256,7D7A
4257,ER84
4258,UPVJ
4259,79LW
4260,ZY9D
4261,VXYN
4262,9975
4263,ZRLS
4264,5BCY
4265,LLX3
4266,2LP4
4267,NMP2
4268,J655
4269,KQUX
4270,X9UW
4271,TLP4
4272,6WD9
4273,DKHT
4274,7X3S
4275,HMPD
4276,4A4J
4277,GEB3
4278,96AL
4279,BQCK
4280,PHG2
4281,NBBM
4282,QM6V
4283,2SHQ
4284,NUD9
4285,34RD
4286,T84E
4287,6EE5
4288,7WBB
4289,673N
4290,WKFU
4291,UD6F
4292,RF3U
4293,Q8KC
4294,VSP9
4295,CM3C
4296,WH2E
4297,QRUC
4298,9ZJQ
4299,VNBU
4300,273Y
4301,Z3XV
4302,GEEF
4303,75TL
4304,878C
4305,8JVS
4306,VPKC
4307,JUEE
4308,5YJA
4309,H4E7
4310,GKDK
4311,R9UK
4312,SDLT
4313,KR2M
4314,YLNW
4315,ZEXG
4316,TMQ3
4317,3DD4
4318,XYVG
4319,5QLC
4320,YRDU
4321,ELKH
4322,4RC3
4323,25T4
4324,BRKU
4325,87CW
4326,YMJT
4327,RC59
4328,K2K2
4329,JAWQ
4330,JWV4
4331,BMAH
4332,RZ2U
4333,DD6V
4334,RG4Q
4335,L952
4336,C3QF
4337,J8BQ
4338,EGRD
4339,HD72
4340,PS8F
4341,WQAE
4342,SCEK
4343,9GQP
4344,5HH4
4345,9G54
4346,B967
4347,93G2
4348,6MTJ
4349,RZZP
4350,HGXD
4351,HGHB
4352,UNVJ
4353,GJZN
4354,SKNJ
4355,XZMX
4356,LR3D
4357,FNYX
4358,RAB9
4359,QYPW
4360,2U5Q
4361,ZPLL
4362,UCWU
4363,AKQT
4364,MLLE
4365,5EKS
4366,7MUM
4367,6KBT
4368,CYDP
4369,X7A6
4370,DWS9
4371,MYCQ
4372,CK38
4373,FY2N
4374,6L56
4375,SSGT
4376,PMVT
4377,N4TH
4378,4W9K
4379,A3MF
4380,J5GF
4381,UFHX
4382,CH8K
4383,AMLQ
4384,BAJ9
4385,F3W2
4386,GCFN
4387,GRWZ
4388,3CZW
4389,XF9L
4390,8M68
4391,WA4W
4392,CTFP
4393,JBPQ
4394,4E2R
4395,LJZC
4396,BY24
4397,XYXG
4398,JG8B
4399,FQNR
4400,EFCS
4401,8V64
4402,VXNU
4403,6ZU7
4404,2R9U
4405,YCBS
4406,9NGD
4407,NR43
4408,SPYT
4409,P8BA
4410,4EXN
4411,HWX8
4412,BAQQ
4413,XAPD
4414,ZB8T
4415,EYAH
4416,5GGK
4417,JR4A
4418,WB3M
4419,VK78
4420,UVBU
4421,CH6N
4422,YNKL
4423,C5YM
4424,EHG8
4425,HWV9
4426,FPX2
4427,5P9Q
4428,2GLS
4429,MPTX
4430,N27P
4431,8BAB
4432,CZZX
4433,K8FT
4434,G7AH
4435,PUPC
4436,9URE
4437,AMWH
4438,DSSZ
4439,DRWD
4440,9TCR
4441,QEXR
4442,BKHA
4443,FQJF
4444,8JAW
4445,P2VX
4446,K93K
4447,BGHS
4448,XDKX
4449,842Y
4450,KN9A
4451,2CZ5
4452,9867
4453,E93U
4454,DXKF
4455,PCM7
4456,4LL2
4457,EEW7
4458,EQEE
4459,6ZHJ
4460,GSTZ
4461,7K7J
4462,RN52
4463,X4KD
4464,B4JM
4465,PGGK
4466,HZ9N
4467,3N4N
4468,8AA3
4469,7RC2
4470,UCBQ
4471,PBPV
4472,DAZG
4473,5YPA
4474,M27U
4475,MQDH
4476,2AH9
4477,G5KA
4478,UDXB
4479,338Y
4480,C75K
4481,4TK2
4482,LYV4
4483,F4BM
4484,CB33
4485,WTPP
4486,YV3L
4487,4MEQ
4488,6ZPV
4489,F6MS
4490,D4XL
4491,M9Q3
4492,T8QP
4493,SL8C
4494,GAK9
4495,EBNU
4496,ZPBT
4497,H34B
4498,U5VY
4499,NSJC
4500,J6X4
4501,65MT
4502,YUHG
4503,B4EJ
4504,Z67N
4505,9572
4506,GUWF
4507,ZK29
4508,N8AR
4509,UB8L
4510,SWRK
4511,EJUM
4512,XX82
4513,S8RG
4514,4KF3
4515,CGAZ
4516,NYE3
4517,XVSM
4518,A6PC
4519,ETYW
4520,TFNJ
4521,B729
4522,HHDX
4523,2NQS
4524,42G7
4525,7B47
4526,AUMF
4527,N87N
4528,25MC
4529,L8MU
4530,BU2F
4531,7R83
4532,KB8D
4533,WCJT
4534,FNV9
4535,QTYR
4536,UK8P
4537,7MDV
4538,TP7E
4539,CH72
4540,SUF3
4541,Z2YN
4542,G7YP
4543,MW4Q
4544,BGTP
4545,YTXR
4546,PF29
4547,VN5A
4548,4VLT
4549,4S4T
4550,8RG4
4551,UD9U
4552,2PDV
4553,WYL2
4554,5NV8
4555,T8AS
4556,B3ZD
4557,95QX
4558,Z539
4559,VUUX
4560,2KD3
4561,EE5H
4562,MCT2
4563,35LC
4564,X3CU
4565,2LHP
4566,7Q9H
4567,DXG7
4568,HH3L
4569,ZSW8
4570,2A4K
4571,QBAU
4572,DKB8
4573,56WX
4574,8NZA
4575,PGPZ
4576,APAV
4577,6KJZ
4578,9ECM
4579,JJ3W
4580,N3F4
4581,V6DB
4582,C2RD
4583,DBS2
4584,6AZL
4585,CNB3
4586,Z4HA
4587,YSZV
4588,DHL5
4589,UY4V
4590,C6G5
4591,BJE6
4592,9PM5
4593,9AQA
4594,AC2Q
4595,VEZT
4596,TAHG
4597,NGHX
4598,FR27
4599,RREC
4600,7JVS
4601,AX9X
4602,TVCH
4603,EU73
4604,XRZU
4605,9PJ5
4606,BWXJ
4607,NMPG
4608,DXZM
4609,7PV2
4610,PKA8
4611,ARUA
4612,QPQ4
4613,LNNW
4614,CTZV
4615,67DG
4616,ACH2
4617,A5KH
4618,F2X3
4619,YQE2
4620,852E
4621,27ET
4622,HT9Q
4623,53CD
4624,NTCP
4625,W35B
4626,QM3Y
4627,HYRK
4628,BL38
4629,7VFH
4630,ZP9K
4631,DXVV
4632,JNN3
4633,J84L
4634,98LQ
4635,SDR6
4636,VHTU
4637,X7EC
4638,R4YS
4639,DUJB
4640,YEKD
4641,H4QR
4642,KTGW
4643,9X2T
4644,3PQB
4645,T68S
4646,KW3J
4647,PAAT
4648,GQ7A
4649,3PXM
4650,QMYN
4651,BQJZ
4652,BY9Z
4653,UMBZ
4654,68AN
4655,7UT3
4656,CVVJ
4657,F73A
4658,QJVY
4659,VG2Q
4660,3GF9
4661,RYLC
4662,V6P8
4663,EP3K
4664,TD5Z
4665,9PAV
4666,57ZZ
4667,G6LZ
4668,GNBD
4669,E7UK
4670,EV93
4671,A9PL
4672,HKXF
4673,UQWK
4674,NKQ9
4675,A3S8
4676,Q4XG
4677,69F3
4678,KYEA
4679,G8AG
4680,V37Y
4681,RFY2
4682,XCP3
4683,9LKZ
4684,ATK2
4685,XCFP
4686,A2R6
4687,EEWT
4688,KXE9
4689,T9FH
4690,MNJ8
4691,P7DV
4692,NDT6
4693,GZ9C
4694,FE8D
4695,JDBT
4696,7AX6
4697,Z49X
4698,9QKJ
4699,VMFK
4700,J6DP
4701,XLHD
4702,K6LZ
4703,F7A2
4704,BM5L
4705,3PFJ
4706,QFNB
4707,FPSW
4708,YP6A
4709,98W8
4710,EC6H
4711,MYMA
4712,HCF5
4713,TK9N
4714,A9VS
4715,AF3T
4716,XPPH
4717,TQLW
4718,BH6W
4719,6E8T
4720,MVHU
4721,X3TJ
4722,H7VR
4723,3CHT
4724,MBS5
4725,UGLT
4726,77MU
4727,L28V
4728,A2ND
4729,F2QJ
4730,A26P
4731,XJSY
4732,Y9X3
4733,6FVC
4734,TU9Z
4735,U43L
4736,38X7
4737,J7KZ
4738,WKPP
4739,QA44
4740,D5LG
4741,LU8H
4742,THHL
4743,GYSG
4744,XDK7
4745,YHGR
4746,TGNN
4747,8RAF
4748,APNH
4749,R6SZ
4750,WFE7
4751,TXWM
4752,4ZKR
4753,XV72
4754,BN9X
4755,XSWG
4756,TS2U
4757,2H5W
4758,QL8M
4759,6BSW
4760,ZUJ6
4761,TN5P
4762,8L8H
4763,G5DT
4764,H99X
4765,SGUN
4766,5ZZ5
4767,MD8V
4768,VUQX
4769,XTG5
4770,LBRK
4771,PY9D
4772,NCNE
4773,DUPL
4774,QE98
4775,YXF6
4776,Y3PD
4777,7PDJ
4778,YNYL
4779,D2V9
4780,W7JR
4781,5T8F
4782,3GAZ
4783,TYMP
4784,X4LY
4785,38L6
4786,BZZS
4787,AFWY
4788,2WR3
4789,SX2D
4790,BRT4
4791,9RU5
4792,UKUR
4793,VK5Q
4794,33BC
4795,QQQX
4796,SPSL
4797,T3BP
4798,YEZC
4799,Y8DU
4800,HBWJ
4801,KMNJ
4802,PB7S
4803,ACJN
4804,VYJ5
4805,LWDC
4806,8JE4
4807,Q5CY
4808,PHYV
4809,4DSD
4810,9LAG
4811,5QF9
4812,825T
4813,WDTY
4814,8LBJ
4815,9WHC
4816,TM4V
4817,XHKX
4818,AFEH
4819,FJZY
4820,4QVT
4821,GYY5
4822,U683
4823,RT3H
4824,CCNC
4825,FSZL
4826,PKHC
4827,L923
4828,CZCZ
4829,VUEV
4830,BYLJ
4831,GMHX
4832,WNZ7
4833,3ENY
4834,3K4Y
4835,JDS5
4836,FPEY
4837,8AA8
4838,3X77
4839,YYWW
4840,F3KJ
4841,6NJU
4842,TJ3W
4843,UDSN
4844,5548
4845,JLCF
4846,Z6JK
4847,LY7K
4848,J5WT
4849,XPRE
4850,5UAG
4851,HGQV
4852,YXTC
4853,MCGR
4854,FG97
4855,FXRJ
4856,ST3F
4857,FWY2
4858,NELA
4859,CEA7
4860,4BXS
4861,PHRR
4862,PZ7P
4863,TLUR
4864,JYD2
4865,PBD5
4866,L73N
4867,6HLG
4868,HK5S
4869,82RH
4870,WFTX
4871,M3T8
4872,FGUN
4873,LZMC
4874,2V66
4875,RNKK
4876,GGH2
4877,JH2L
4878,JSFN
4879,B7LJ
4880,X87V
4881,KXPA
4882,E2G6
4883,5HT6
4884,CWPU
4885,GU7A
4886,V8DY
4887,MP9C
4888,JFM5
4889,3LHF
4890,FN4A
4891,7B2K
4892,WT8C
4893,WTZP
4894,U5MD
4895,65GV
4896,B6GQ
4897,2K5Z
4898,C8L6
4899,6NT6
4900,EMA2
4901,NG96
4902,QYAC
4903,7LH7
4904,EKXN
4905,ZAWX
4906,G8TH
4907,SFE4
4908,AW4V
4909,H6EU
4910,DQ5E
4911,8FQK
4912,PM49
4913,R2SP
4914,JRY5
4915,RJEP
4916,WVV2
4917,7MXZ
4918,9XKN
4919,UHDP
4920,GQL3
4921,UME4
4922,QVJL
4923,UA8G
4924,FSPM
4925,SCMN
4926,V8PC
4927,27MN
4928,JQ8H
4929,4SZX
4930,AHLA
4931,63CL
4932,YKUQ
4933,T6GJ
4934,ZYAY
4935,TTG7
4936,PBPE
4937,KEQE
4938,BKH8
4939,7F9K
4940,BY7D
4941,5AY2
4942,DM3E
4943,B9VR
4944,B29M
4945,6YUX
4946,5EBL
4947,JDVR
4948,2R48
4949,HEKY
4950,PZDQ
4951,TBVX
4952,5G3T
4953,JAQS
4954,HS2H
4955,BQFK
4956,JJ7K
4957,XSXK
4958,KWAS
4959,DNXP
4960,HR8C
4961,M665
4962,YCTF
4963,KRWA
4964,EUPH
4965,DWGW
4966,4HAE
4967,G7YF
4968,VFRX
4969,3MWU
4970,LNSE
4971,KMYY
4972,C338
4973,UPEH
4974,Y7EJ
4975,U7EZ
4976,WARY
4977,XU84
4978,HPE5
4979,X8N5
4980,MWZQ
4981,RNE5
4982,JWR6
4983,HTY2
4984,XG94
4985,NL9V
4986,DPCV
4987,S9LM
4988,2RJW
4989,NKTQ
4990,TDS2
4991,525D
4992,X8GF
4993,HLWX
4994,4EH8
4995,JDC9
4996,EEFX
4997,HUGY
4998,F55Q
4999,FC9L
5000,SBBS
5001,4G6G
5002,95MY
5003,PJT8
5004,EXX3
5005,NDV6
5006,TBXK
5007,XZMT
5008,BFT5
5009,SVT6
5010,NJLY
5011,HMQB
5012,RXNY
5013,BN3P
5014,RDVB
5015,QQMN
5016,VVCV
5017,M4QH
5018,ZGTD
5019,GA5T
5020,VQEP
5021,DJQG
5022,DAFZ
5023,Z3H2
5024,ML84
5025,4YVK
5026,EZDK
5027,N7RJ
5028,CAXH
5029,435R
5030,BR2J
5031,42HW
5032,CW2U
5033,WYPA
5034,GZQY
5035,NXXD
5036,N99A
5037,3AD6
5038,TKQ7
5039,4X4L
5040,W3DC
5041,VV78
5042,P6CN
5043,TGNJ
5044,ZKTT
5045,Q9A5
5046,LQNC
5047,QGUA
5048,N5J2
5049,78H3
5050,UA23
5051,3N53
5052,58H2
5053,B37Z
5054,872L
5055,X8P4
5056,5JH6
5057,DNR5
5058,QNTS
5059,2HTJ
5060,2BTM
5061,5RDL
5062,Y6Q8
5063,DD3D
5064,WMDN
5065,JLVU
5066,SATV
5067,RVTU
5068,BXH6
5069,V6KZ
5070,BJ86
5071,JPBQ
5072,YRUJ
5073,ZK3M
5074,XUL3
5075,UH4X
5076,4Q92
5077,ZKLZ
5078,ZA72
5079,97UJ
5080,9AZT
5081,5GUK
5082,4LRC
5083,US4F
5084,Z2CF
5085,A3MY
5086,J832
5087,3FGJ
5088,MN87
5089,LEBY
5090,EX4K
5091,MZEH
5092,REH2
5093,86EJ
5094,NP42
5095,QJHD
5096,KAK5
5097,KLPL
5098,W47T
5099,R5RA
5100,3HPM
5101,ZEZW
5102,JZ8L
5103,A7GC
5104,YSPS
5105,8PQ9
5106,E42U
5107,MRSP
5108,TDCL
5109,RN3G
5110,QELD
5111,ZHV9
5112,WLFV
5113,VUB3
5114,G77X
5115,QNYR
5116,FZP3
5117,VKXU
5118,2EKF
5119,23Y5
5120,GJ5P
5121,6VZL
5122,YXZB
5123,PQA8
5124,K4AT
5125,VMNW
5126,LVZ9
5127,E26W
5128,XW65
5129,VL7G
5130,F5P3
5131,X63V
5132,3GYM
5133,XVPT
5134,39FG
5135,TB3A
5136,6J8T
5137,UJSS
5138,AWU8
5139,2PLL
5140,3B3B
5141,UFCC
5142,Z3BF
5143,EJCA
5144,N7HU
5145,GRM9
5146,HMY9
5147,BQBU
5148,DKNF
5149,BZSJ
5150,D3P8
5151,PDKR
5152,GTWW
5153,F7R4
5154,PY44
5155,LJKU
5156,RST5
5157,RMNA
5158,45GW
5159,DLFA
5160,YWQK
5161,V2K9
5162,8PZT
5163,C73Q
5164,2U7M
5165,GXFP
5166,DU6W
5167,6RWQ
5168,KKBG
5169,LT4K
5170,LHYU
5171,27YL
5172,7RKR
5173,XNT5
5174,64AF
5175,RRCS
5176,BCSE
5177,XBT9
5178,M9KM
5179,8VD6
5180,UWF6
5181,76WK
5182,T5LW
5183,JTLM
5184,AR5A
5185,4JYP
5186,EVGH
5187,YYWU
5188,U7Y3
5189,Z4DL
5190,ZAEX
5191,PKQH
5192,XF22
5193,3MLW
5194,BD45
5195,F2PJ
5196,PWV2
5197,NTJL
5198,ETX5
5199,M42X
5200,B3GQ
5201,7CDF
5202,HB4M
5203,QLSN
5204,5VTW
5205,AJVT
5206,7VPV
5207,USRT
5208,UPRB
5209,LY9P
5210,LCHU
5211,U2GJ
5212,25SE
5213,WGBH
5214,JGKK
5215,MHVJ
5216,VED9
5217,NVS9
5218,ZHNR
5219,494X
5220,ABTC
5221,6SHF
5222,PSSQ
5223,55UN
5224,9V75
5225,E845
5226,WYS8
5227,K43J
5228,3FJ9
5229,PF6G
5230,R8QL
5231,E6QX
5232,9VE3
5233,9EUB
5234,UBGH
5235,VTMN
5236,ZHLR
5237,6NBT
5238,6FUW
5239,3EML
5240,GWUV
5241,3QTT
5242,GHB2
5243,CESG
5244,WFKV
5245,4PU3
5246,FEUP
5247,D6UQ
5248,N2NN
5249,NV7N
5250,AQAQ
5251,3MJG
5252,TC8B
5253,R5V8
5254,BXLB
5255,FW7Y
5256,BJJA
5257,KCZ6
5258,GP39
5259,9KDT
5260,37JA
5261,MJ8A
5262,XUW9
5263,Q9VX
5264,4ZHU
5265,AZRB
5266,8J3V
5267,FBDG
5268,29SV
5269,RBB3
5270,G3FY
5271,CCAP
5272,6PGZ
5273,LQGJ
5274,NBBQ
5275,LUYA
5276,96PF
5277,97L7
5278,3LER
5279,4KYE
5280,XRB8
5281,P93J
5282,A4DF
5283,YAAZ
5284,4Y64
5285,PHT5
5286,PMXB
5287,UQF3
5288,FU7Z
5289,UNJG
5290,3TRX
5291,5GCZ
5292,F3XL
5293,EFY6
5294,FUVZ
5295,5ZA7
5296,L3KR
5297,XU43
5298,9FZG
5299,9K5P
5300,FAE8
5301,BM69
5302,CTDN
5303,M2KT
5304,67Q7
5305,MRFW
5306,ETUD
5307,9GAE
5308,K4UM
5309,9U98
5310,82HA
5311,Q3UC
5312,589F
5313,6NEQ
5314,XBWR
5315,4558
5316,LUBK
5317,EWRS
5318,2389
5319,NG7D
5320,KNP4
5321,NZBG
5322,MQG6
5323,EQPR
5324,EAMM
5325,XMH3
5326,U38Z
5327,SW5X
5328,XT4Z
5329,85HA
5330,HPFZ
5331,VW3X
5332,BABT
5333,RAT2
5334,BS2X
5335,2AL2
5336,8Z4C
5337,CCJH
5338,G23J
5339,2CQB
5340,EKTD
5341,FVA7
5342,SRXE
5343,F3FR
5344,MTAM
5345,RVFU
5346,FNQ3
5347,WSLM
5348,FWAM
5349,29TU
5350,SRXS
5351,MRM9
5352,XXQS
5353,SHJA
5354,MC3A
5355,N2AC
5356,JWQ9
5357,7YGN
5358,VGFJ
5359,4NH9
5360,SXJX
5361,LZLU
5362,EEGA
5363,9EB3
5364,H8X8
5365,RMQU
5366,VAFB
5367,5V5W
5368,RTTW
5369,7WVX
5370,FTH8
5371,L785
5372,S26T
5373,SEHT
5374,VG2W
5375,YBJQ
5376,YFCM
5377,MNF4
5378,L2EL
5379,JJGL
5380,WK23
5381,TJBS
5382,3PU8
5383,U4HD
5384,NSRZ
5385,RRGX
5386,HJFE
5387,RB6X
5388,UEJF
5389,CHKT
5390,UF4C
5391,PQMQ
5392,TZ9M
5393,JRMP
5394,4CHN
5395,LGUH
5396,4YG9
5397,7TYN
5398,KB5C
5399,ENYT
5400,ZFBL
5401,LSVW
5402,3SMD
5403,CV6C
5404,NWRN
5405,WQ8S
5406,JATT
5407,3HSR
5408,YZUT
5409,4TZ9
5410,9RC3
5411,YVF2
5412,2JQJ
5413,EFVN
5414,9Z3L
5415,EUGE
5416,ZTTC
5417,VWGB
5418,Y2RJ
5419,SUHV
5420,9W4V
5421,CE64
5422,E63U
5423,UYGV
5424,9LLQ
5425,TZ2B
5426,9LWP
5427,7QSL
5428,GX97
5429,U2LB
5430,2UAC
5431,NQWL
5432,CEBX
5433,FFK2
5434,8P7E
5435,36WZ
5436,TUUV
5437,BJFT
5438,39YT
5439,PXC5
5440,3QCH
5441,QQHB
5442,NF4K
5443,RH7K
5444,SEK3
5445,GFH7
5446,F6ZM
5447,KQM6
5448,KL2D
5449,VZG5
5450,J4M2
5451,DLQB
5452,V9BP
5453,QQ4N
5454,QXRQ
5455,S4T3
5456,VGHM
5457,JS5U
5458,PV2Z
5459,GWVV
5460,CEK8
5461,7BJM
5462,KB72
5463,AX6M
5464,VWQW
5465,U7LL
5466,L434
5467,WWEZ
5468,LT5G
5469,UVX3
5470,5UW4
5471,G5XQ
5472,LCLA
5473,FND4
5474,H55Z
5475,F9GR
5476,AJ7U
5477,GL8D
5478,PB4A
5479,4UYH
5480,YRCW
5481,Z7A4
5482,5XM3
5483,NJYZ
5484,GG53
5485,KVHB
5486,4TTQ
5487,J6S6
5488,LEXZ
5489,GD9Q
5490,4AK3
5491,LJBW
5492,ARAQ
5493,EDJ7
5494,G6RT
5495,YZCK
5496,GKZL
5497,7Y8T
5498,NV4N
5499,LKH8
5500,NK9R
5501,RTBU
5502,MPQ9
5503,W69P
5504,5FL8
5505,2VQH
5506,MF58
5507,LYEE
5508,AW8C
5509,38QN
5510,4XKH
5511,L9SY
5512,CP2J
5513,GMGQ
5514,XQZ5
5515,7DY2
5516,QYJQ
5517,PHY9
5518,Q3WR
5519,L47C
5520,R5BR
5521,SXJ4
5522,AWPZ
5523,U3FX
5524,4YEJ
5525,X2EB
5526,ULS6
5527,CU5S
5528,A824
5529,8G27
5530,AH5X
5531,97CQ
5532,G72R
5533,HK6Y
5534,WFSG
5535,WHQV
5536,Q37Z
5537,TC44
5538,BEKM
5539,MDHB
5540,PHMC
5541,MDE2
5542,MDGW
5543,YENM
5544,MDW3
5545,LREC
5546,UE5L
5547,MWLQ
5548,4MMG
5549,2FXB
5550,MKJL
5551,P9M9
5552,VRGD
5553,7N5R
5554,F22D
5555,486A
5556,B8FW
5557,WJLV
5558,L7N8
5559,V4SG
5560,MZHD
5561,KHCM
5562,QPBN
5563,6PK8
5564,7KJ8
5565,MQXB
5566,SKQ8
5567,63LC
5568,ML22
5569,T5T7
5570,PHAS
5571,HBPR
5572,JPP8
5573,ZEL7
5574,BENA
5575,7HQU
5576,79GT
5577,3UE8
5578,TTPB
5579,DTHA
5580,5Z4A
5581,K7KR
5582,L9AW
5583,SW4B
5584,AYQX
5585,LURA
5586,69WK
5587,GJWC
5588,PPCU
5589,SZ24
5590,GA7C
5591,5677
5592,EPYU
5593,H6DY
5594,7XH7
5595,2KYN
5596,62LX
5597,8YFE
5598,E9LN
5599,XTCQ
5600,4LGV
5601,ZGK5
5602,XR8S
5603,HTZY
5604,X7PP
5605,D9HR
5606,Y3DA
5607,92NF
5608,GH4F
5609,HD3Q
5610,GEXK
5611,K24V
5612,DSLK
5613,T7TT
5614,KSHG
5615,QN4X
5616,ZFFM
5617,BL3L
5618,Z74H
5619,M2NJ
5620,7VRT
5621,KEGQ
5622,Y3KZ
5623,SECG
5624,TK8S
5625,DRW6
5626,F8KU
5627,5VJM
5628,YAZQ
5629,HJMG
5630,8J48
5631,AKDR
5632,CN7K
5633,65K5
5634,U984
5635,7CMK
5636,B549
5637,ZLBH
5638,VB2X
5639,W6TK
5640,SKDK
5641,YD47
5642,NBLF
5643,NQVP
5644,3VAC
5645,LUFZ
5646,SMZP
5647,MXQA
5648,HWBE
5649,ZQLC
5650,RMHM
5651,9FRH
5652,47LH
5653,CM8L
5654,PJDP
5655,PQ6P
5656,7BED
5657,HUX9
5658,95YL
5659,7PWC
5660,YKBC
5661,VJNY
5662,9U9M
5663,VYNW
5664,TYEK
5665,3EM7
5666,PFZY
5667,P9BH
5668,QCTN
5669,WDJD
5670,HWTX
5671,MCLW
5672,ZESA
5673,MRGC
5674,ZAKQ
5675,K95W
5676,USCH
5677,VJT4
5678,AT5M
5679,7HT7
5680,6D5X
5681,47ST
5682,DTL8
5683,3YLR
5684,PRKA
5685,49SF
5686,H2MK
5687,PUA3
5688,JQRH
5689,922M
5690,E56Z
5691,UG5V
5692,DEPZ
5693,MCLL
5694,PTCH
5695,5YC9
5696,L858
5697,QDVJ
5698,9XVY
5699,7G2H
5700,3JZD
5701,9P7K
5702,WPV7
5703,QSNM
5704,KUE4
5705,G6LR
5706,Z3KQ
5707,Q4AW
5708,3KU9
5709,X4LC
5710,Y8RV
5711,F8XP
5712,NEW5
5713,U8Q4
5714,W7VL
5715,35T8
5716,NQDB
5717,L424
5718,HUXP
5719,WEFU
5720,FKPT
5721,S22L
5722,JYW2
5723,5PLL
5724,PPUM
5725,AF24
5726,N39C
5727,QBZ7
5728,K9JQ
5729,TMBN
5730,8L8D
5731,F9T4
5732,SXQQ
5733,65XT
5734,FR72
5735,5W44
5736,98DF
5737,PJBR
5738,HRFF
5739,K7YX
5740,GM3B
5741,V6ST
5742,72KQ
5743,F9CE
5744,QUXE
5745,5K9M
5746,6X47
5747,AKQX
5748,M99F
5749,ARDG
5750,8M2C
5751,D42V
5752,2RLJ
5753,TCZA
5754,GHJT
5755,EEUC
5756,M7Y2
5757,NC57
5758,TPCE
5759,YQVW
5760,M4BD
5761,YESM
5762,T235
5763,MPTW
5764,ZQ3Z
5765,44YT
5766,YAF4
5767,7W9V
5768,A5WJ
5769,REYB
5770,SPWU
5771,98KJ
5772,SN23
5773,BWWQ
5774,AC7N
5775,DJQR
5776,8Q7M
5777,TV43
5778,342H
5779,BK9B
5780,D2F4
5781,PBPH
5782,G29S
5783,6FQT
5784,UVNX
5785,VMMW
5786,8V4Y
5787,AGSU
5788,45PJ
5789,VG99
5790,PH6T
5791,DJ8V
5792,FQPZ
5793,PJWM
5794,AZ5S
5795,WZ8D
5796,JQ2S
5797,CW6S
5798,9CHM
5799,4JHE
5800,9DT2
5801,HW5E
5802,KQ3T
5803,HX5A
5804,4V34
5805,G4UC
5806,37WF
5807,DVA2
5808,UUNC
5809,KYJU
5810,QUPU
5811,C5GX
5812,7RCW
5813,FPV3
5814,QV4H
5815,H6EY
5816,BYJA
5817,LQCL
5818,YFHD
5819,HREA
5820,FSU6
5821,ABP4
5822,3EN8
5823,XG53
5824,SNFN
5825,RBYN
5826,N2C9
5827,9AB2
5828,5S89
5829,WA6D
5830,JE2D
5831,7HGL
5832,C5J3
5833,AYTM
5834,YZXE
5835,KEF2
5836,453B
5837,K6CQ
5838,YAXC
5839,P5J6
5840,3WLL
5841,KBTV
5842,3KWA
5843,D622
5844,4ZTZ
5845,VLZY
5846,EDND
5847,9G8Y
5848,2DP2
5849,SXXN
5850,5WJX
5851,5VKW
5852,4Y75
5853,T22M
5854,5X8E
5855,G6CX
5856,4A6P
5857,7KTT
5858,HYAA
5859,8NWV
5860,T8UN
5861,4V3T
5862,KJRP
5863,TCCZ
5864,DY5E
5865,C3TG
5866,RKEX
5867,JNUK
5868,MSM2
5869,3CWZ
5870,59GV
5871,QMNG
5872,YNHQ
5873,QBP3
5874,LFAB
5875,DVT7
5876,7D3J
5877,2YTA
5878,MX44
5879,HTXW
5880,XNJ3
5881,N8DG
5882,TEKD
5883,HWXE
5884,JLNL
5885,NHRN
5886,L3AE
5887,G6JV
5888,QKUY
5889,5NMQ
5890,6A8Q
5891,LY2R
5892,JV9S
5893,YZ66
5894,CC9L
5895,GX2U
5896,K7QU
5897,4STM
5898,US8N
5899,RHHY
5900,C7L6
5901,MUG3
5902,XXDF
5903,RAQF
5904,NE4Q
5905,DT9F
5906,6YGQ
5907,FFPE
5908,XQMU
5909,3D78
5910,MTYT
5911,SV3W
5912,VQM5
5913,XZCX
5914,VFHY
5915,M6A3
5916,SF3D
5917,RKYA
5918,UWA6
5919,XDCQ
5920,S9PW
5921,XZEZ
5922,S22W
5923,RBSW
5924,8KBV
5925,Z4J7
5926,XAZ9
5927,9UEY
5928,BABY
5929,4TEG
5930,39SX
5931,3S7H
5932,KFWT
5933,SNGG
5934,C44P
5935,25GP
5936,C3WM
5937,36V6
5938,YUNW
5939,EGCD
5940,KVHN
5941,GN3G
5942,ULSN
5943,BPWN
5944,WW6T
5945,EAQZ
5946,6U2W
5947,3RZC
5948,9GNN
5949,9L2U
5950,CDHR
5951,DNCT
5952,869E
5953,DLZQ
5954,V8PV
5955,NEZA
5956,THTN
5957,TN3D
5958,NNKE
5959,VZKG
5960,RBTD
5961,SW9U
5962,EKYK
5963,23TC
5964,XPVQ
5965,V9JG
5966,XS9L
5967,8D46
5968,N9RJ
5969,KSGZ
5970,MU4S
5971,2N2J
5972,SLKH
5973,QU84
5974,J37C
5975,DFRU
5976,D5PW
5977,QCLN
5978,WEJZ
5979,3LVK
5980,KXKG
5981,CD6T
5982,3Z4S
5983,NGHB
5984,5GHW
5985,UBWJ
5986,WXEQ
5987,XFP5
5988,ATG7
5989,UC5Q
5990,3FQE
5991,KFFA
5992,YRV9
5993,H2Y9
5994,MUL8
5995,R2RJ
5996,7XRZ
5997,6TTK
5998,AYT2
5999,KDVR
6000,NRC7
6001,PLLJ
6002,7XXD
6003,32RA
6004,DL9R
6005,7L4U
6006,6EJ6
6007,BHSA
6008,667G
6009,7S7N
6010,HUXU
6011,NMCA
6012,S638
6013,Z55L
6014,A29C
6015,2MCB
6016,5WAH
6017,YEU4
6018,SKGZ
6019,7WAE
6020,YMLW
6021,46UX
6022,XHGM
6023,L3HE
6024,2VBW
6025,VJ9X
6026,EGGJ
6027,JCWM
6028,H3YY
6029,76L7
6030,ZE3N
6031,UHWN
6032,WC2L
6033,LMAZ
6034,V9UG
6035,B28Z
6036,UCZQ
6037,2E2W
6038,734M
6039,4VML
6040,SVDS
6041,ZJ6V
6042,RJSP
6043,G4SF
6044,QXDT
6045,WTNK
6046,KJBP
6047,YQW9
6048,JZ73
6049,JHPM
6050,RQ55
6051,BU58
6052,HCYE
6053,FMEJ
6054,AHJG
6055,VS9J
6056,PLAR
6057,BHUT
6058,GJ38
6059,N7ZQ
6060,8QF9
6061,ECSY
6062,GYCV
6063,74EY
6064,PDG6
6065,P6QQ
6066,RS6M
6067,3KNX
6068,RYTE
6069,CV6B
6070,WXXV
6071,GDPX
6072,7ZN6
6073,RBJ9
6074,MFVL
6075,U4TS
6076,TQRC
6077,QQRU
6078,K7R7
6079,C3C6
6080,A2YD
6081,PEWR
6082,888X
6083,KW4G
6084,7ZVP
6085,TML8
6086,QZVX
6087,SB6X
6088,8VTY
6089,9KM2
6090,YXNE
6091,5XB9
6092,AJYA
6093,HLU7
6094,EBXE
6095,4BM5
6096,MD44
6097,QYX5
6098,XTPY
6099,3GLZ
6100,BZLZ
6101,WXL9
6102,QRDB
6103,ZMB2
6104,46KL
6105,N5KR
6106,FLF5
6107,MVMZ
6108,9MJJ
6109,A3ZZ
6110,CBJT
6111,YK6E
6112,LBX4
6113,3TWL
6114,LU7L
6115,X5MZ
6116,ZA2F
6117,XGA3
6118,FAB9
6119,BKD7
6120,FWC5
6121,K9MA
6122,PDQC
6123,6XW8
6124,67VH
6125,ELHA
6126,9HHL
6127,CT3V
6128,F2G5
6129,AM6R
6130,VPFP
6131,MR9T
6132,H7D5
6133,AZ7R
6134,EHP8
6135,B774
6136,ZGQ3
6137,LEWW
6138,3LSZ
6139,AR6U
6140,UZSZ
6141,GKK9
6142,5XTF
6143,YTU4
6144,U7AD
6145,52B2
6146,S9R8
6147,AGSM
6148,3HSU
6149,SR49
6150,M7HW
6151,8YPQ
6152,LXBU
6153,DLNB
6154,LSQM
6155,4L8L
6156,BW4T
6157,7MSQ
6158,R42A
6159,CVD7
6160,TGQV
6161,U7CC
6162,6ENW
6163,K4XA
6164,P637
6165,SNR8
6166,WKV5
6167,EDGC
6168,3R8Q
6169,B9WD
6170,RHSX
6171,DKH4
6172,YFT7
6173,S7BK
6174,GTRN
6175,73JF
6176,FG5Z
6177,8FA8
6178,F3F7
6179,458D
6180,6G7V
6181,R4EY
6182,L58W
6183,8BZ5
6184,4CME
6185,HEWE
6186,638Q
6187,8F6C
6188,F8UH
6189,H3BR
6190,5JM9
6191,KNQW
6192,LQ4N
6193,N5Z9
6194,9V7V
6195,AWE3
6196,5ETX
6197,JCG8
6198,PHEK
6199,8CPD
6200,PWYF
6201,7B9U
6202,T5ND
6203,LXWB
6204,SLBL
6205,BN7H
6206,U4NL
6207,PGNL
6208,RWG6
6209,CUJ6
6210,SE2Q
6211,VPQW
6212,ANJF
6213,SRFE
6214,PRGD
6215,74JU
6216,U3M4
6217,MBFV
6218,RHXV
6219,AZSB
6220,32AZ
6221,CZCE
6222,F7AT
6223,SFEB
6224,TSF5
6225,EUVL
6226,LVJN
6227,S2TS
6228,4AYD
6229,46TX
6230,ZEVS
6231,D4L8
6232,RSGD
6233,ZF76
6234,5YEK
6235,5HEW
6236,J99V
6237,CFU8
6238,YQM7
6239,3UC4
6240,WVLD
6241,N7F7
6242,NJHE
6243,QTS7
6244,MB3F
6245,GTC9
6246,STCW
6247,JETU
6248,NADX
6249,ETSZ
6250,PSB7
6251,S4FP
6252,K7F9
6253,MLQA
6254,5CKV
6255,27ZR
6256,N9ZM
6257,RDX6
6258,CMMF
6259,LFVV
6260,A27Q
6261,UM8P
6262,UQWH
6263,VN9E
6264,CA8G
6265,RH7X
6266,9SGW
6267,9JXC
6268,LN8S
6269,PUGK
6270,KTAT
6271,T5DV
6272,BNT4
6273,QWLE
6274,YC2H
6275,MABT
6276,E2B2
6277,2ADX
6278,YU5Z
6279,ZXH9
6280,TGXG
6281,SE8P
6282,G7YN
6283,35ZP
6284,NM57
6285,DJVE
6286,CQN5
6287,RXW7
6288,SYQS
6289,NG8Q
6290,UWLH
6291,RXSC
6292,FZ6E
6293,4QV7
6294,LDZX
6295,6GFH
6296,3QAU
6297,RCHC
6298,UQJF
6299,TBRZ
6300,9YX4
6301,PG5C
6302,A4YS
6303,T3FZ
6304,GM9P
6305,57TN
6306,XRX3
6307,Q7UW
6308,SDDD
6309,S3EP
6310,X3R4
6311,J6HG
6312,529C
6313,JRNA
6314,SCLJ
6315,7ERX
6316,EXDF
6317,Z5QS
6318,5TZE
6319,3H76
6320,RDY5
6321,RJEQ
6322,C3VD
6323,P5LF
6324,BBR4
6325,E9QP
6326,WBDR
6327,M97E
6328,9A6M
6329,RULZ
6330,4N8G
6331,AZWU
6332,KCP2
6333,FN9E
6334,T2T9
6335,XPCZ
6336,XQDA
6337,28GD
6338,5YAP
6339,KLPE
6340,P48A
6341,6UM8
6342,LL7R
6343,DK4J
6344,G6BS
6345,CCVJ
6346,Q5H7
6347,5NP8
6348,AY9Q
6349,Y42B
6350,2PRX
6351,LYLP
6352,BJ2H
6353,67JW
6354,VMEG
6355,6YSE
6356,N4VD
6357,MNJF
6358,MUVL
6359,YZVR
6360,YBA3
6361,AQNC
6362,UD47
6363,MBP3
6364,TUDB
6365,ZH6M
6366,8KPR
6367,Z9ES
6368,CQ5N
6369,JLFU
6370,WZRP
6371,VJ3W
6372,W9VT
6373,RWD9
6374,Y5RT
6375,VX49
6376,TZ2A
6377,YBRV
6378,WPEH
6379,ZRME
6380,B7D8
6381,5B9B
6382,ERED
6383,7AA8
6384,M4CJ
6385,RKKG
6386,KAY4
6387,RG4P
6388,JE3X
6389,3ZPF
6390,PSE8
6391,28N2
6392,8LC7
6393,BWQV
6394,Q6ZJ
6395,EB8G
6396,3D9B
6397,WPPS
6398,5PHB
6399,UQMF
6400,3RA9
6401,2NHN
6402,X663
6403,ZGW9
6404,MZVH
6405,9DRW
6406,P2KW
6407,KX9X
6408,VSLY
6409,PLD7
6410,RXLR
6411,V62M
6412,RQFL
6413,7H8P
6414,BHHJ
6415,RALV
6416,7F47
6417,9NMR
6418,AAB5
6419,DAQZ
6420,MRM4
6421,DUX9
6422,QTY7
6423,B76N
6424,JWAQ
6425,QRVW
6426,GRCM
6427,8XJZ
6428,HY45
6429,N8KK
6430,7RGZ
6431,7BAH
6432,CD6A
6433,CZZJ
6434,R9XN
6435,RK83
6436,FLVJ
6437,L562
6438,8HAN
6439,WC6K
6440,S7JF
6441,AMLL
6442,RYPJ
6443,SBFH
6444,J2MZ
6445,GZ9X
6446,YFTG
6447,GJGG
6448,R5YB
6449,BJFU
6450,WY8X
6451,V5V2
6452,BB66
6453,BY8Y
6454,2GPU
6455,ZTB5
6456,VDTC
6457,FQNC
6458,U9WB
6459,5GGT
6460,7N9L
6461,E4KR
6462,FFTD
6463,B3QX
6464,8XC6
6465,YESE
6466,ZK5J
6467,4LZM
6468,YAPB
6469,6T2L
6470,JAJJ
6471,BSLE
6472,LUT3
6473,PVWB
6474,MANJ
6475,FQA9
6476,C7P6
6477,T74U
6478,84NR
6479,VB9V
6480,FUHU
6481,LXJR
6482,J92Z
6483,Q3EG
6484,6GGE
6485,6EHC
6486,E4D9
6487,NJHT
6488,EF3X
6489,MR7L
6490,CGNJ
6491,H8LU
6492,VJNK
6493,RJAL
6494,9K92
6495,NZYG
6496,BEY5
6497,SV8F
6498,8Y9Q
6499,MHBD
6500,PQRD
6501,WV6Y
6502,NC3K
6503,K5BR
6504,QJ9F
6505,6Y86
6506,2LWU
6507,CDKG
6508,BZMU
6509,KS9T
6510,MTJB
6511,KVCG
6512,6DCT
6513,MS8E
6514,TWDM
6515,8Q7Y
6516,CYKH
6517,DWDK
6518,WYBF
6519,RTXV
6520,4AFV
6521,S7KK
6522,7BQ8
6523,4MZL
6524,CZNL
6525,MHGA
6526,AVXF
6527,LF6X
6528,QKGB
6529,HP4S
6530,9HBL
6531,FNFT
6532,HUZG
6533,PRK6
6534,TTFA
6535,J29Z
6536,8QWH
6537,8NSV
6538,AFC3
6539,BQNQ
6540,LVNQ
6541,GTYE
6542,HNYC
6543,C9B5
6544,M8Y6
6545,RGCF
6546,B7F3
6547,89G4
6548,S3LX
6549,Y9EB
6550,PA6Y
6551,8KA8
6552,4HUK
6553,J4DH
6554,VD75
6555,GBCD
6556,VE6R
6557,QNXY
6558,P5W7
6559,6556
6560,E7DB
6561,NDVB
6562,4CUW
6563,ZWCR
6564,EVDS
6565,RREG
6566,37J3
6567,2JVB
6568,2W65
6569,YWDR
6570,8D36
6571,DJJP
6572,Q78K
6573,PUSR
6574,ENAH
6575,73MH
6576,DDY8
6577,FUQY
6578,MRM2
6579,HWQR
6580,5HJ5
6581,QHYM
6582,FF83
6583,TT5S
6584,FSTQ
6585,5795
6586,NZUB
6587,S399
6588,RB3S
6589,7VTB
6590,UHUW
6591,Z94K
6592,ETTT
6593,SHHD
6594,SN24
6595,944Z
6596,T8XP
6597,26UG
6598,LZQE
6599,VBZG
6600,HBKW
6601,NPKA
6602,U97A
6603,TT36
6604,A66M
6605,BWKH
6606,9QCD
6607,8VLJ
6608,33SM
6609,WCGH
6610,YWSU
6611,WDJC
6612,JT2Y
6613,7HRQ
6614,ARKA
6615,5QJ9
6616,86TC
6617,J25G
6618,NP3Q
6619,N7Y6
6620,LEDV
6621,PMTH
6622,D2TX
6623,VP4M
6624,ET5G
6625,V3KY
6626,4QHA
6627,4CDU
6628,P5ZX
6629,9LZZ
6630,HF9X
6631,92V7
6632,KQL5
6633,98QW
6634,T2GA
6635,AX2X
6636,9QJH
6637,M7WT
6638,3TXX
6639,EXEG
6640,6JYQ
6641,R9KF
6642,6PVD
6643,5QZ9
6644,PJ2T
6645,VJW2
6646,AFHT
6647,BYNA
6648,U6QP
6649,VKZF
6650,652Y
6651,4GRU
6652,4UQA
6653,DZJM
6654,QZ8E
6655,HFWG
6656,YPMZ
6657,3354
6658,PQ69
6659,966M
6660,YSUB
6661,Q27A
6662,NNH5
6663,CQSK
6664,HZM4
6665,QL4J
6666,7Z5P
6667,XBTS
6668,HTCW
6669,HDQA
6670,8K7R
6671,NLD2
6672,RUAY
6673,F9FJ
6674,BKML
6675,EP7R
6676,29HT
6677,QSZ8
6678,JEH2
6679,E88F
6680,KD4N
6681,WFKR
6682,82GZ
6683,8QRS
6684,FEGB
6685,EZPH
6686,TLN9
6687,H5K9
6688,YAGF
6689,6PD5
6690,JB3Z
6691,4SD4
6692,UZYR
6693,H6YU
6694,6WF7
6695,TMRP
6696,DEGE
6697,2368
6698,TSYE
6699,J5W6
6700,VSHV
6701,BP6L
6702,TVYK
6703,4JN4
6704,PJ6D
6705,JAKK
6706,8G7C
6707,W9WE
6708,FSQE
6709,B24Y
6710,EM44
6711,GT8T
6712,7N8K
6713,NFDQ
6714,THS6
6715,YQYB
6716,DE8S
6717,UGQ3
6718,2QQE
6719,Q9PR
6720,X9NJ
6721,JJLX
6722,RETA
6723,HZ63
6724,33VX
6725,G2NN
6726,SATH
6727,Z5CH
6728,FWCT
6729,E5EC
6730,GZ5F
6731,6EQJ
6732,FKFD
6733,C7YP
6734,DUTH
6735,77DC
6736,Y5UM
6737,FN8U
6738,PHVT
6739,92AK
6740,F3AE
6741,SYGZ
6742,Y6R3
6743,7UPH
6744,6JLQ
6745,333X
6746,HX8X
6747,Z6LU
6748,2PY9
6749,LGT2
6750,PUHX
6751,8LBF
6752,HP45
6753,DDWB
6754,56HH
6755,Q4AV
6756,9PDL
6757,NJTZ
6758,Z48V
6759,99KD
6760,G23E
6761,HM2B
6762,7P63
6763,7XET
6764,4FG2
6765,T9MG
6766,9YY8
6767,4HFX
6768,FJ2C
6769,JQMU
6770,DKZC
6771,H8B4
6772,4JKW
6773,Z4MG
6774,6QTX
6775,TEWM
6776,XW22
6777,L7G8
6778,F7PY
6779,PUXV
6780,QJHE
6781,SCGD
6782,W6N5
6783,EFZW
6784,GY72
6785,8UJF
6786,PAS5
6787,5J84
6788,U8DD
6789,D2CP
6790,VH8G
6791,XBNY
6792,HXKN
6793,3A6K
6794,EP4R
6795,SJ3A
6796,7GXH
6797,HZDX
6798,WG4Q
6799,JDQK
6800,NJS2
6801,4GL4
6802,5ZPL
6803,9K2F
6804,F8JY
6805,QHAD
6806,BRCT
6807,M5TK
6808,QLBN
6809,6HFY
6810,9XRN
6811,FLYT
6812,257D
6813,LVWY
6814,WJF3
6815,5X5S
6816,SQ9T
6817,EADX
6818,2FMS
6819,HZR6
6820,4L36
6821,KLWN
6822,57FG
6823,AE29
6824,U4UF
6825,M7S7
6826,D5CX
6827,A2WW
6828,PPBP
6829,L2NN
6830,XB5H
6831,53VM
6832,BPDT
6833,S7NH
6834,YHKD
6835,7BES
6836,G7BF
6837,4UVN
6838,KQ7T
6839,JK7Y
6840,L9J6
6841,VPZA
6842,AD3T
6843,DQGZ
6844,ZCZ8
6845,KA3E
6846,H3GZ
6847,DW25
6848,77JQ
6849,79C4
6850,34RQ
6851,MV9K
6852,KPU6
6853,LH7D
6854,H9DT
6855,HL6Y
6856,URSA
6857,9AXG
6858,V9P5
6859,JHHN
6860,7THB
6861,4U63
6862,9LTV
6863,3DHQ
6864,WRJ3
6865,LD23
6866,U8A3
6867,WFY8
6868,RRGW
6869,3NPN
6870,G8M4
6871,S2K5
6872,4G6N
6873,M5MH
6874,E7N4
6875,QUT6
6876,3BWD
6877,6UB7
6878,7C2E
6879,LP69
6880,N88H
6881,6JA3
6882,Q55Z
6883,AWMN
6884,BCT6
6885,DX8R
6886,9D5L
6887,5PGK
6888,HUGB
6889,RX6P
6890,Y92C
6891,GWWU
6892,AXBE
6893,H8CX
6894,UG2H
6895,R7J2
6896,E974
6897,SX5B
6898,TPVT
6899,Z383
6900,LPA2
6901,C288
6902,4GDQ
6903,U9LE
6904,8LU2
6905,D8K2
6906,G5VA
6907,8WWS
6908,2QQ3
6909,ZRBY
6910,V785
6911,VUGJ
6912,MXGZ
6913,QL2Y
6914,XR25
6915,U75E
6916,JEQN
6917,SHKB
6918,WY8P
6919,NEBW
6920,JVZW
6921,KR3P
6922,8FK6
6923,MFSZ
6924,RAMK
6925,6MRZ
6926,4FBF
6927,LW8W
6928,QVRV
6929,HAAQ
6930,CWKE
6931,Z8LH
6932,H3DN
6933,3GJP
6934,G4RC
6935,SVWQ
6936,L7J3
6937,4CBD
6938,ZFP5
6939,Z929
6940,QHKS
6941,2VBZ
6942,MPH3
6943,9MET
6944,7JXY
6945,DK6W
6946,AKLU
6947,DAAP
6948,5MWT
6949,P3GX
6950,UCRU
6951,Q77C
6952,DGQS
6953,3QB4
6954,N8SF
6955,GNWZ
6956,M3AY
6957,AUXL
6958,BMZV
6959,UT3X
6960,NLLX
6961,5ZPC
6962,VYQ2
6963,D68T
6964,C36T
6965,DG37
6966,3TK4
6967,5XQJ
6968,5Q9Y
6969,5D7H
6970,EAUN
6971,BQVZ
6972,3A8F
6973,KEFQ
6974,ZLFZ
6975,9YG7
6976,GHNY
6977,J9WV
6978,UAFD
6979,JSVD
6980,TVFH
6981,FCSD
6982,AAMZ
6983,VRBE
6984,EUWJ
6985,359M
6986,9QAB
6987,DW7P
6988,YPS4
6989,M2MF
6990,BQZM
6991,QYZA
6992,DC7B
6993,42Z4
6994,EEB7
6995,8956
6996,AYET
6997,GK8Y
6998,8JWF
6999,LJEC
7000,TEBA
7001,6W4T
7002,E69M
7003,EYR7
7004,QSJA
7005,CUMU
7006,GWE4
7007,5UQC
7008,X4YA
7009,FN5W
7010,Y7DV
7011,TR68
7012,AQFQ
7013,52RX
7014,5573
7015,HJ32
7016,LXZQ
7017,2NAE
7018,6YFJ
7019,KDYX
7020,C3UX
7021,T4M4
7022,3PV3
7023,8CBW
7024,USS4
7025,JW5D
7026,LREH
7027,NHXU
7028,SY9B
7029,3PGX
7030,M6CY
7031,8328
7032,KBYA
7033,9AKK
7034,94B3
7035,6VND
7036,DC4K
7037,SHW7
7038,LYXW
7039,KXTX
7040,WSXW
7041,YFUN
7042,G8SR
7043,4S88
7044,PGRN
7045,32R5
7046,HE6S
7047,7PML
7048,KFZX
7049,N6CT
7050,A8FM
7051,AYX7
7052,J6ZT
7053,JY6B
7054,9ANQ
7055,WGNU
7056,7KAW
7057,HR67
7058,59Q2
7059,VU77
7060,DXKA
7061,SRA8
7062,YB53
7063,CY7P
7064,WEHN
7065,WNWK
7066,MYSR
7067,9W7K
7068,UELP
7069,B4S5
7070,YZ3W
7071,PVHE
7072,FW4E
7073,7B95
7074,X5UE
7075,SNEM
7076,QADR
7077,TVL3
7078,W3K5
7079,4YCA
7080,S9PQ
7081,D7H5
7082,QPMY
7083,6HXF
7084,S3AE
7085,YVKV
7086,8WPN
7087,2YFH
7088,TZR4
7089,P6M4
7090,HMHJ
7091,LCXP
7092,PLYR
7093,3V2X
7094,B9LU
7095,NAN5
7096,TSUK
7097,JGJ4
7098,PNU8
7099,SPWA
7100,Y5AU
7101,K2LZ
7102,FHWE
7103,WAKN
7104,3FA5
7105,C48R
7106,8ATM
7107,D65E
7108,VY7U
7109,4RMK
7110,6Q97
7111,RWAP
7112,XUL4
7113,PXRG
7114,VHF4
7115,66KC
7116,ESDR
7117,VW6V
7118,B7JE
7119,LG85
7120,YAES
7121,3WY8
7122,V367
7123,BXES
7124,GKAF
7125,VG45
7126,S2QC
7127,BT7J
7128,PZ2A
7129,X39K
7130,4K7C
7131,6DQF
7132,48HK
7133,P97K
7134,4ZPZ
7135,NQYA
7136,MASB
7137,TQ58
7138,UG5C
7139,FSCE
7140,V5PK
7141,VQ28
7142,YLG7
7143,UT7Y
7144,VTNT
7145,RSEU
7146,FBMU
7147,HBPS
7148,PNBH
7149,YTTK
7150,JY75
7151,V89F
7152,JAX6
7153,Y3EY
7154,TXN7
7155,7PK4
7156,4P2P
7157,M2V5
7158,GLTW
7159,N7L7
7160,W4W9
7161,DC7F
7162,5MM4
7163,TNSX
7164,M9XB
7165,SVVX
7166,38D4
7167,7VRX
7168,BNVR
7169,WTWU
7170,EVFZ
7171,7NJD
7172,S9PG
7173,7MSP
7174,VNP8
7175,M4LS
7176,KKBR
7177,UJXH
7178,A727
7179,JXEY
7180,32XC
7181,7Q9L
7182,D5LV
7183,8YTU
7184,M48T
7185,D3BZ
7186,GSG4
7187,XCVM
7188,ES97
7189,B6R6
7190,MBRV
7191,455F
7192,CT5B
7193,UZGY
7194,W4NQ
7195,WWUP
7196,AHJH
7197,WB2Y
7198,PQHW
7199,F2XV
7200,9HS3
7201,PFYE
7202,DK4V
7203,BXYB
7204,AGYP
7205,94T5
7206,PHNQ
7207,KZCC
7208,TFVQ
7209,T3N7
7210,7FJT
7211,GTZ2
7212,CVQG
7213,4UQD
7214,Y56N
7215,LQVK
7216,YTXV
7217,UGVY
7218,Q2W6
7219,YECU
7220,4SC6
7221,ARCB
7222,H7N5
7223,WNX6
7224,VJP7
7225,M9AC
7226,7WT7
7227,SP5E
7228,E5ET
7229,BCXC
7230,G67V
7231,CSZ4
7232,VCFQ
7233,CH6W
7234,X4VQ
7235,9KNJ
7236,FEAX
7237,6CHL
7238,NCK4
7239,64FE
7240,D83L
7241,4ND5
7242,AY4B
7243,VK5W
7244,Y2M6
7245,NJJA
7246,VV3E
7247,FQFY
7248,NQAA
7249,CS8T
7250,FHCN
7251,BYWM
7252,9A4Q
7253,56H9
7254,W296
7255,TTHS
7256,FW8F
7257,6RK2
7258,ZGRE
7259,KAXN
7260,28G2
7261,BVPY
7262,MX89
7263,ECJD
7264,TCZV
7265,4SU6
7266,QTFF
7267,RGJ4
7268,9VFD
7269,DU7C
7270,4ZKK
7271,SURL
7272,JTTP
7273,R9HV
7274,FN99
7275,79JX
7276,Y8EY
7277,9NDV
7278,7NY3
7279,3LEJ
7280,DMA6
7281,HHNL
7282,NTSA
7283,C4RP
7284,EXDZ
7285,TC98
7286,UPFQ
7287,62EK
7288,ERK6
7289,S5EN
7290,ZTF5
7291,QQXC
7292,VASW
7293,28KB
7294,MP2V
7295,FJMS
7296,TE8T
7297,BVF3
7298,VYYW
7299,BWLM
7300,SAZ5
7301,5RZ5
7302,AUAC
7303,87NW
7304,RXMV
7305,EM3X
7306,YFDJ
7307,Z2WU
7308,N4BA
7309,CGDW
7310,2PRL
7311,XE8S
7312,48MX
7313,4ZMT
7314,JZXU
7315,D2LY
7316,LV9R
7317,MXDA
7318,NPD4
7319,F829
7320,QFES
7321,7ELX
7322,YW36
7323,ERD5
7324,N9FL
7325,9SZ3
7326,28F7
7327,ASUB
7328,3XKT
7329,N7MZ
7330,UECD
7331,DWA6
7332,WCTM
7333,Y9HL
7334,F7X6
7335,M5VX
7336,D26A
7337,A6FK
7338,K9Q2
7339,WN7V
7340,UJW7
